ticker,metric,frequency,vendor_period_end,sec_period_end,period_end_offset_days,fiscal_year,fiscal_quarter,vendor_value,sec_value,sec_first_reported,sec_is_derived,rel_diff,status
AAPL,diluted_shares,annual,2025-09-30 00:00:00,2025-09-27,3.0,2025.0,,15004697000.0,15004697000.0,15004697000.0,True,0.0,match
AAPL,diluted_shares,annual,2024-09-30 00:00:00,2024-09-28,2.0,2024.0,,15408095000.0,15408095000.0,15408095000.0,True,0.0,match
AAPL,diluted_shares,annual,2023-09-30 00:00:00,2023-09-30,0.0,2023.0,,15812547000.0,15812547000.0,15812547000.0,True,0.0,match
AAPL,diluted_shares,annual,2022-09-30 00:00:00,2022-09-24,6.0,2022.0,,16325819000.0,16325819000.0,16325819000.0,True,0.0,match
AAPL,diluted_shares,quarterly,2026-06-30 00:00:00,2026-06-27,3.0,2026.0,3.0,14714676000.0,14714676000.0,14714676000.0,False,0.0,match
AAPL,diluted_shares,quarterly,2026-03-31 00:00:00,2026-03-28,3.0,2026.0,2.0,14725873000.0,14725873000.0,14725873000.0,False,0.0,match
AAPL,diluted_shares,quarterly,2025-12-31 00:00:00,2025-12-27,4.0,2026.0,1.0,14810356000.0,14810356000.0,14810356000.0,False,0.0,match
AAPL,diluted_shares,quarterly,2025-09-30 00:00:00,,,,,14863609000.0,,,,,q4_not_filed
AAPL,diluted_shares,quarterly,2025-06-30 00:00:00,2025-06-28,2.0,2025.0,3.0,14948179000.0,14948179000.0,14948179000.0,False,0.0,match
AAPL,eps_diluted,annual,2025-09-30 00:00:00,2025-09-27,3.0,2025.0,,7.46,7.46,7.46,True,0.0,match
AAPL,eps_diluted,annual,2024-09-30 00:00:00,2024-09-28,2.0,2024.0,,6.08,6.08,6.08,True,0.0,match
AAPL,eps_diluted,annual,2023-09-30 00:00:00,2023-09-30,0.0,2023.0,,6.13,6.13,6.13,True,0.0,match
AAPL,eps_diluted,annual,2022-09-30 00:00:00,2022-09-24,6.0,2022.0,,6.11,6.11,6.11,True,0.0,match
AAPL,eps_diluted,quarterly,2026-06-30 00:00:00,2026-06-27,3.0,2026.0,3.0,2.02,2.02,2.02,False,0.0,match
AAPL,eps_diluted,quarterly,2026-03-31 00:00:00,2026-03-28,3.0,2026.0,2.0,2.01,2.01,2.01,False,0.0,match
AAPL,eps_diluted,quarterly,2025-12-31 00:00:00,2025-12-27,4.0,2026.0,1.0,2.84,2.84,2.84,False,0.0,match
AAPL,eps_diluted,quarterly,2025-09-30 00:00:00,,,,,1.85,,,,,q4_not_filed
AAPL,eps_diluted,quarterly,2025-06-30 00:00:00,2025-06-28,2.0,2025.0,3.0,1.57,1.57,1.57,False,0.0,match
AAPL,net_income,annual,2025-09-30 00:00:00,2025-09-27,3.0,2025.0,,112010000000.0,112010000000.0,112010000000.0,True,0.0,match
AAPL,net_income,annual,2024-09-30 00:00:00,2024-09-28,2.0,2024.0,,93736000000.0,93736000000.0,93736000000.0,True,0.0,match
AAPL,net_income,annual,2023-09-30 00:00:00,2023-09-30,0.0,2023.0,,96995000000.0,96995000000.0,96995000000.0,True,0.0,match
AAPL,net_income,annual,2022-09-30 00:00:00,2022-09-24,6.0,2022.0,,99803000000.0,99803000000.0,99803000000.0,True,0.0,match
AAPL,net_income,quarterly,2026-06-30 00:00:00,2026-06-27,3.0,2026.0,3.0,29789000000.0,29789000000.0,29789000000.0,False,0.0,match
AAPL,net_income,quarterly,2026-03-31 00:00:00,2026-03-28,3.0,2026.0,2.0,29578000000.0,29578000000.0,29578000000.0,False,0.0,match
AAPL,net_income,quarterly,2025-12-31 00:00:00,2025-12-27,4.0,2026.0,1.0,42097000000.0,42097000000.0,42097000000.0,False,0.0,match
AAPL,net_income,quarterly,2025-09-30 00:00:00,2025-09-27,3.0,2025.0,4.0,27466000000.0,27466000000.0,27466000000.0,True,0.0,match
AAPL,net_income,quarterly,2025-06-30 00:00:00,2025-06-28,2.0,2025.0,3.0,23434000000.0,23434000000.0,23434000000.0,False,0.0,match
AAPL,operating_income,annual,2025-09-30 00:00:00,2025-09-27,3.0,2025.0,,133050000000.0,133050000000.0,133050000000.0,True,0.0,match
AAPL,operating_income,annual,2024-09-30 00:00:00,2024-09-28,2.0,2024.0,,123216000000.0,123216000000.0,123216000000.0,True,0.0,match
AAPL,operating_income,annual,2023-09-30 00:00:00,2023-09-30,0.0,2023.0,,114301000000.0,114301000000.0,114301000000.0,True,0.0,match
AAPL,operating_income,annual,2022-09-30 00:00:00,2022-09-24,6.0,2022.0,,119437000000.0,119437000000.0,119437000000.0,True,0.0,match
AAPL,operating_income,quarterly,2026-06-30 00:00:00,2026-06-27,3.0,2026.0,3.0,35695000000.0,35695000000.0,35695000000.0,False,0.0,match
AAPL,operating_income,quarterly,2026-03-31 00:00:00,2026-03-28,3.0,2026.0,2.0,35885000000.0,35885000000.0,35885000000.0,False,0.0,match
AAPL,operating_income,quarterly,2025-12-31 00:00:00,2025-12-27,4.0,2026.0,1.0,50852000000.0,50852000000.0,50852000000.0,False,0.0,match
AAPL,operating_income,quarterly,2025-09-30 00:00:00,2025-09-27,3.0,2025.0,4.0,32427000000.0,32427000000.0,32427000000.0,True,0.0,match
AAPL,operating_income,quarterly,2025-06-30 00:00:00,2025-06-28,2.0,2025.0,3.0,28202000000.0,28202000000.0,28202000000.0,False,0.0,match
AAPL,revenue,annual,2025-09-30 00:00:00,2025-09-27,3.0,2025.0,,416161000000.0,416161000000.0,416161000000.0,True,0.0,match
AAPL,revenue,annual,2024-09-30 00:00:00,2024-09-28,2.0,2024.0,,391035000000.0,391035000000.0,391035000000.0,True,0.0,match
AAPL,revenue,annual,2023-09-30 00:00:00,2023-09-30,0.0,2023.0,,383285000000.0,383285000000.0,383285000000.0,True,0.0,match
AAPL,revenue,annual,2022-09-30 00:00:00,2022-09-24,6.0,2022.0,,394328000000.0,394328000000.0,394328000000.0,True,0.0,match
AAPL,revenue,quarterly,2026-06-30 00:00:00,2026-06-27,3.0,2026.0,3.0,109417000000.0,109417000000.0,109417000000.0,False,0.0,match
AAPL,revenue,quarterly,2026-03-31 00:00:00,2026-03-28,3.0,2026.0,2.0,111184000000.0,111184000000.0,111184000000.0,False,0.0,match
AAPL,revenue,quarterly,2025-12-31 00:00:00,2025-12-27,4.0,2026.0,1.0,143756000000.0,143756000000.0,143756000000.0,False,0.0,match
AAPL,revenue,quarterly,2025-09-30 00:00:00,2025-09-27,3.0,2025.0,4.0,102466000000.0,102466000000.0,102466000000.0,True,0.0,match
AAPL,revenue,quarterly,2025-06-30 00:00:00,2025-06-28,2.0,2025.0,3.0,94036000000.0,94036000000.0,94036000000.0,False,0.0,match
AMZN,diluted_shares,annual,2025-12-31 00:00:00,2025-12-31,0.0,2025.0,,10827000000.0,10827000000.0,10827000000.0,True,0.0,match
AMZN,diluted_shares,annual,2024-12-31 00:00:00,2024-12-31,0.0,2024.0,,10721000000.0,10721000000.0,10721000000.0,True,0.0,match
AMZN,diluted_shares,annual,2023-12-31 00:00:00,2023-12-31,0.0,2023.0,,10492000000.0,10492000000.0,10492000000.0,True,0.0,match
AMZN,diluted_shares,annual,2022-12-31 00:00:00,2022-12-31,0.0,2022.0,,10189000000.0,10189000000.0,10189000000.0,True,0.0,match
AMZN,diluted_shares,quarterly,2026-06-30 00:00:00,2026-06-30,0.0,2026.0,2.0,10903000000.0,10903000000.0,10903000000.0,False,0.0,match
AMZN,diluted_shares,quarterly,2026-03-31 00:00:00,2026-03-31,0.0,2026.0,1.0,10874000000.0,10874000000.0,10874000000.0,False,0.0,match
AMZN,diluted_shares,quarterly,2025-12-31 00:00:00,,,,,10863000000.0,,,,,q4_not_filed
AMZN,diluted_shares,quarterly,2025-09-30 00:00:00,2025-09-30,0.0,2025.0,3.0,10845000000.0,10845000000.0,10845000000.0,False,0.0,match
AMZN,diluted_shares,quarterly,2025-06-30 00:00:00,2025-06-30,0.0,2025.0,2.0,10806000000.0,10806000000.0,10806000000.0,False,0.0,match
AMZN,eps_diluted,annual,2025-12-31 00:00:00,2025-12-31,0.0,2025.0,,7.17,7.17,7.17,True,0.0,match
AMZN,eps_diluted,annual,2024-12-31 00:00:00,2024-12-31,0.0,2024.0,,5.53,5.53,5.53,True,0.0,match
AMZN,eps_diluted,annual,2023-12-31 00:00:00,2023-12-31,0.0,2023.0,,2.9,2.9,2.9,True,0.0,match
AMZN,eps_diluted,annual,2022-12-31 00:00:00,2022-12-31,0.0,2022.0,,-0.27,-0.27,-0.27,True,0.0,match
AMZN,eps_diluted,quarterly,2026-06-30 00:00:00,2026-06-30,0.0,2026.0,2.0,5.75,5.75,5.75,False,0.0,match
AMZN,eps_diluted,quarterly,2026-03-31 00:00:00,2026-03-31,0.0,2026.0,1.0,2.78,2.78,2.78,False,0.0,match
AMZN,eps_diluted,quarterly,2025-12-31 00:00:00,,,,,1.95,,,,,q4_not_filed
AMZN,eps_diluted,quarterly,2025-09-30 00:00:00,2025-09-30,0.0,2025.0,3.0,1.95,1.95,1.95,False,0.0,match
AMZN,eps_diluted,quarterly,2025-06-30 00:00:00,2025-06-30,0.0,2025.0,2.0,1.68,1.68,1.68,False,0.0,match
AMZN,net_income,annual,2025-12-31 00:00:00,2025-12-31,0.0,2025.0,,77670000000.0,77670000000.0,77670000000.0,True,0.0,match
AMZN,net_income,annual,2024-12-31 00:00:00,2024-12-31,0.0,2024.0,,59248000000.0,59248000000.0,59248000000.0,True,0.0,match
AMZN,net_income,annual,2023-12-31 00:00:00,2023-12-31,0.0,2023.0,,30425000000.0,30425000000.0,30425000000.0,True,0.0,match
AMZN,net_income,annual,2022-12-31 00:00:00,2022-12-31,0.0,2022.0,,-2722000000.0,-2722000000.0,-2722000000.0,True,0.0,match
AMZN,net_income,quarterly,2026-03-31 00:00:00,2026-03-31,0.0,2026.0,1.0,30255000000.0,30255000000.0,30255000000.0,False,0.0,match
AMZN,net_income,quarterly,2025-12-31 00:00:00,2025-12-31,0.0,2025.0,4.0,21192000000.0,21192000000.0,21192000000.0,True,0.0,match
AMZN,net_income,quarterly,2025-09-30 00:00:00,2025-09-30,0.0,2025.0,3.0,21187000000.0,21187000000.0,21187000000.0,False,0.0,match
AMZN,net_income,quarterly,2025-06-30 00:00:00,2025-06-30,0.0,2025.0,2.0,18164000000.0,18164000000.0,18164000000.0,False,0.0,match
AMZN,net_income,quarterly,2025-03-31 00:00:00,2025-03-31,0.0,2025.0,1.0,17127000000.0,17127000000.0,17127000000.0,False,0.0,match
AMZN,operating_income,annual,2025-12-31 00:00:00,2025-12-31,0.0,2025.0,,79975000000.0,79975000000.0,79975000000.0,True,0.0,match
AMZN,operating_income,annual,2024-12-31 00:00:00,2024-12-31,0.0,2024.0,,68593000000.0,68593000000.0,68593000000.0,True,0.0,match
AMZN,operating_income,annual,2023-12-31 00:00:00,2023-12-31,0.0,2023.0,,36852000000.0,36852000000.0,36852000000.0,True,0.0,match
AMZN,operating_income,annual,2022-12-31 00:00:00,2022-12-31,0.0,2022.0,,12248000000.0,12248000000.0,12248000000.0,True,0.0,match
AMZN,operating_income,quarterly,2026-03-31 00:00:00,2026-03-31,0.0,2026.0,1.0,23852000000.0,23852000000.0,23852000000.0,False,0.0,match
AMZN,operating_income,quarterly,2025-12-31 00:00:00,2025-12-31,0.0,2025.0,4.0,24977000000.0,24977000000.0,24977000000.0,True,0.0,match
AMZN,operating_income,quarterly,2025-09-30 00:00:00,2025-09-30,0.0,2025.0,3.0,17422000000.0,17422000000.0,17422000000.0,False,0.0,match
AMZN,operating_income,quarterly,2025-06-30 00:00:00,2025-06-30,0.0,2025.0,2.0,19171000000.0,19171000000.0,19171000000.0,False,0.0,match
AMZN,operating_income,quarterly,2025-03-31 00:00:00,2025-03-31,0.0,2025.0,1.0,18405000000.0,18405000000.0,18405000000.0,False,0.0,match
AMZN,revenue,annual,2025-12-31 00:00:00,2025-12-31,0.0,2025.0,,716924000000.0,716924000000.0,716924000000.0,True,0.0,match
AMZN,revenue,annual,2024-12-31 00:00:00,2024-12-31,0.0,2024.0,,637959000000.0,637959000000.0,637959000000.0,True,0.0,match
AMZN,revenue,annual,2023-12-31 00:00:00,2023-12-31,0.0,2023.0,,574785000000.0,574785000000.0,574785000000.0,True,0.0,match
AMZN,revenue,annual,2022-12-31 00:00:00,2022-12-31,0.0,2022.0,,513983000000.0,513983000000.0,513983000000.0,True,0.0,match
AMZN,revenue,quarterly,2026-03-31 00:00:00,2026-03-31,0.0,2026.0,1.0,181519000000.0,181519000000.0,181519000000.0,False,0.0,match
AMZN,revenue,quarterly,2025-12-31 00:00:00,2025-12-31,0.0,2025.0,4.0,213386000000.0,213386000000.0,213386000000.0,True,0.0,match
AMZN,revenue,quarterly,2025-09-30 00:00:00,2025-09-30,0.0,2025.0,3.0,180169000000.0,180169000000.0,180169000000.0,False,0.0,match
AMZN,revenue,quarterly,2025-06-30 00:00:00,2025-06-30,0.0,2025.0,2.0,167702000000.0,167702000000.0,167702000000.0,False,0.0,match
AMZN,revenue,quarterly,2025-03-31 00:00:00,2025-03-31,0.0,2025.0,1.0,155667000000.0,155667000000.0,155667000000.0,False,0.0,match
APD,diluted_shares,annual,2025-09-30 00:00:00,2025-09-30,0.0,2025.0,,222700000.0,222700000.0,222700000.0,True,0.0,match
APD,diluted_shares,annual,2024-09-30 00:00:00,2024-09-30,0.0,2024.0,,222800000.0,222800000.0,222800000.0,True,0.0,match
APD,diluted_shares,annual,2023-09-30 00:00:00,2023-09-30,0.0,2023.0,,222700000.0,222700000.0,222700000.0,True,0.0,match
APD,diluted_shares,annual,2022-09-30 00:00:00,2022-09-30,0.0,2022.0,,222500000.0,222500000.0,222500000.0,True,0.0,match
APD,diluted_shares,quarterly,2026-06-30 00:00:00,2026-06-30,0.0,2026.0,3.0,222800000.0,222800000.0,222800000.0,False,0.0,match
APD,diluted_shares,quarterly,2026-03-31 00:00:00,2026-03-31,0.0,2026.0,2.0,222900000.0,222900000.0,222900000.0,False,0.0,match
APD,diluted_shares,quarterly,2025-12-31 00:00:00,2025-12-31,0.0,2026.0,1.0,222900000.0,222900000.0,222900000.0,False,0.0,match
APD,diluted_shares,quarterly,2025-09-30 00:00:00,,,,,222900000.0,,,,,q4_not_filed
APD,diluted_shares,quarterly,2025-06-30 00:00:00,2025-06-30,0.0,2025.0,3.0,222900000.0,222900000.0,222900000.0,False,0.0,match
APD,eps_diluted,annual,2025-09-30 00:00:00,2025-09-30,0.0,2025.0,,-1.77,-1.77,-1.77,True,0.0,match
APD,eps_diluted,annual,2024-09-30 00:00:00,2024-09-30,0.0,2024.0,,17.18,17.18,17.18,True,0.0,match
APD,eps_diluted,annual,2023-09-30 00:00:00,2023-09-30,0.0,2023.0,,10.33,10.33,10.33,True,0.0,match
APD,eps_diluted,annual,2022-09-30 00:00:00,2022-09-30,0.0,2022.0,,10.14,10.14,10.14,True,0.0,match
APD,eps_diluted,quarterly,2026-06-30 00:00:00,2026-06-30,0.0,2026.0,3.0,-6.47,-6.47,-6.47,False,0.0,match
APD,eps_diluted,quarterly,2026-03-31 00:00:00,2026-03-31,0.0,2026.0,2.0,3.19,3.19,3.19,False,0.0,match
APD,eps_diluted,quarterly,2025-12-31 00:00:00,2025-12-31,0.0,2026.0,1.0,3.04,3.04,3.04,False,0.0,match
APD,eps_diluted,quarterly,2025-09-30 00:00:00,,,,,0.02,,,,,q4_not_filed
APD,eps_diluted,quarterly,2025-06-30 00:00:00,2025-06-30,0.0,2025.0,3.0,3.2,3.2,3.2,False,0.0,match
APD,net_income,annual,2025-09-30 00:00:00,2025-09-30,0.0,2025.0,,-394500000.0,-394500000.0,-394500000.0,True,0.0,match
APD,net_income,annual,2024-09-30 00:00:00,2024-09-30,0.0,2024.0,,3828200000.0,3828200000.0,3828200000.0,True,0.0,match
APD,net_income,annual,2023-09-30 00:00:00,2023-09-30,0.0,2023.0,,2300200000.0,2300200000.0,2300200000.0,True,0.0,match
APD,net_income,annual,2022-09-30 00:00:00,2022-09-30,0.0,2022.0,,2256100000.0,2256100000.0,2256100000.0,True,0.0,match
APD,net_income,quarterly,2026-06-30 00:00:00,2026-06-30,0.0,2026.0,3.0,-1440800000.0,-1440800000.0,-1440800000.0,False,0.0,match
APD,net_income,quarterly,2026-03-31 00:00:00,2026-03-31,0.0,2026.0,2.0,710400000.0,710400000.0,710400000.0,False,0.0,match
APD,net_income,quarterly,2025-12-31 00:00:00,2025-12-31,0.0,2026.0,1.0,678200000.0,678200000.0,678200000.0,False,0.0,match
APD,net_income,quarterly,2025-09-30 00:00:00,2025-09-30,0.0,2025.0,4.0,4900000.0,4900000.0,4900000.0,True,0.0,match
APD,net_income,quarterly,2025-06-30 00:00:00,2025-06-30,0.0,2025.0,3.0,713800000.0,713800000.0,713800000.0,False,0.0,match
APD,operating_income,annual,2025-09-30 00:00:00,2025-09-30,0.0,2025.0,,2889000000.0,-877000000.0,-877000000.0,True,4.29418472063854,unexplained
APD,operating_income,annual,2024-09-30 00:00:00,2024-09-30,0.0,2024.0,,2947500000.0,4466100000.0,4466100000.0,True,-0.340028212534426,unexplained
APD,operating_income,annual,2023-09-30 00:00:00,2023-09-30,0.0,2023.0,,2739200000.0,2494600000.0,2494600000.0,True,0.09805179187044015,unexplained
APD,operating_income,annual,2022-09-30 00:00:00,2022-09-30,0.0,2022.0,,2412500000.0,2338800000.0,2338800000.0,True,0.03151188643748931,unexplained
APD,operating_income,quarterly,2026-06-30 00:00:00,2026-06-30,0.0,2026.0,3.0,810300000.0,-2097100000.0,-2097100000.0,False,1.3863907300557914,unexplained
APD,operating_income,quarterly,2026-03-31 00:00:00,2026-03-31,0.0,2026.0,2.0,752700000.0,752700000.0,752700000.0,False,0.0,match
APD,operating_income,quarterly,2025-12-31 00:00:00,2025-12-31,0.0,2026.0,1.0,756500000.0,734500000.0,734500000.0,False,0.029952348536419333,unexplained
APD,operating_income,quarterly,2025-09-30 00:00:00,2025-09-30,0.0,2025.0,4.0,811800000.0,16800000.0,16800000.0,True,47.32142857142857,unexplained
APD,operating_income,quarterly,2025-06-30 00:00:00,2025-06-30,0.0,2025.0,3.0,772400000.0,790600000.0,790600000.0,False,-0.02302049076650645,unexplained
APD,revenue,annual,2025-09-30 00:00:00,2025-09-30,0.0,2025.0,,12037300000.0,12037300000.0,12037300000.0,True,0.0,match
APD,revenue,annual,2024-09-30 00:00:00,2024-09-30,0.0,2024.0,,12100600000.0,12100600000.0,12100600000.0,True,0.0,match
APD,revenue,annual,2023-09-30 00:00:00,2023-09-30,0.0,2023.0,,12600000000.0,12600000000.0,12600000000.0,True,0.0,match
APD,revenue,annual,2022-09-30 00:00:00,2022-09-30,0.0,2022.0,,12698600000.0,12698600000.0,12698600000.0,True,0.0,match
APD,revenue,quarterly,2026-06-30 00:00:00,2026-06-30,0.0,2026.0,3.0,3161000000.0,3161000000.0,3161000000.0,False,0.0,match
APD,revenue,quarterly,2026-03-31 00:00:00,2026-03-31,0.0,2026.0,2.0,3171800000.0,3171800000.0,3171800000.0,False,0.0,match
APD,revenue,quarterly,2025-12-31 00:00:00,2025-12-31,0.0,2026.0,1.0,3102500000.0,3102500000.0,3102500000.0,False,0.0,match
APD,revenue,quarterly,2025-09-30 00:00:00,2025-09-30,0.0,2025.0,4.0,3166900000.0,3166900000.0,3166900000.0,True,0.0,match
APD,revenue,quarterly,2025-06-30 00:00:00,2025-06-30,0.0,2025.0,3.0,3022700000.0,3022700000.0,3022700000.0,False,0.0,match
CAT,diluted_shares,annual,2025-12-31 00:00:00,2025-12-31,0.0,2025.0,,472300000.0,472300000.0,472300000.0,True,0.0,match
CAT,diluted_shares,annual,2024-12-31 00:00:00,2024-12-31,0.0,2024.0,,489400000.0,489400000.0,489400000.0,True,0.0,match
CAT,diluted_shares,annual,2023-12-31 00:00:00,2023-12-31,0.0,2023.0,,513600000.0,513600000.0,513600000.0,True,0.0,match
CAT,diluted_shares,annual,2022-12-31 00:00:00,2022-12-31,0.0,2022.0,,530400000.0,530400000.0,530400000.0,True,0.0,match
CAT,diluted_shares,quarterly,2026-03-31 00:00:00,2026-03-31,0.0,2026.0,1.0,465800000.0,465800000.0,465800000.0,False,0.0,match
CAT,diluted_shares,quarterly,2025-12-31 00:00:00,,,,,469000000.0,,,,,q4_not_filed
CAT,diluted_shares,quarterly,2025-09-30 00:00:00,2025-09-30,0.0,2025.0,3.0,470800000.0,470800000.0,470800000.0,False,0.0,match
CAT,diluted_shares,quarterly,2025-06-30 00:00:00,2025-06-30,0.0,2025.0,2.0,471500000.0,471500000.0,471500000.0,False,0.0,match
CAT,diluted_shares,quarterly,2025-03-31 00:00:00,2025-03-31,0.0,2025.0,1.0,477100000.0,477100000.0,477100000.0,False,0.0,match
CAT,eps_diluted,annual,2025-12-31 00:00:00,2025-12-31,0.0,2025.0,,18.81,18.81,18.81,True,0.0,match
CAT,eps_diluted,annual,2024-12-31 00:00:00,2024-12-31,0.0,2024.0,,22.05,22.05,22.05,True,0.0,match
CAT,eps_diluted,annual,2023-12-31 00:00:00,2023-12-31,0.0,2023.0,,20.12,20.12,20.12,True,0.0,match
CAT,eps_diluted,annual,2022-12-31 00:00:00,2022-12-31,0.0,2022.0,,12.64,12.64,12.64,True,0.0,match
CAT,eps_diluted,quarterly,2026-03-31 00:00:00,2026-03-31,0.0,2026.0,1.0,5.47,5.47,5.47,False,0.0,match
CAT,eps_diluted,quarterly,2025-12-31 00:00:00,,,,,5.12,,,,,q4_not_filed
CAT,eps_diluted,quarterly,2025-09-30 00:00:00,2025-09-30,0.0,2025.0,3.0,4.88,4.88,4.88,False,0.0,match
CAT,eps_diluted,quarterly,2025-06-30 00:00:00,2025-06-30,0.0,2025.0,2.0,4.62,4.62,4.62,False,0.0,match
CAT,eps_diluted,quarterly,2025-03-31 00:00:00,2025-03-31,0.0,2025.0,1.0,4.2,4.2,4.2,False,0.0,match
CAT,net_income,annual,2025-12-31 00:00:00,2025-12-31,0.0,2025.0,,8884000000.0,8884000000.0,8884000000.0,True,0.0,match
CAT,net_income,annual,2024-12-31 00:00:00,2024-12-31,0.0,2024.0,,10792000000.0,10792000000.0,10792000000.0,True,0.0,match
CAT,net_income,annual,2023-12-31 00:00:00,2023-12-31,0.0,2023.0,,10335000000.0,10335000000.0,10335000000.0,True,0.0,match
CAT,net_income,annual,2022-12-31 00:00:00,2022-12-31,0.0,2022.0,,6705000000.0,6705000000.0,6705000000.0,True,0.0,match
CAT,net_income,quarterly,2026-06-30 00:00:00,2026-06-30,0.0,2026.0,2.0,3593000000.0,3593000000.0,3593000000.0,False,0.0,match
CAT,net_income,quarterly,2026-03-31 00:00:00,2026-03-31,0.0,2026.0,1.0,2549000000.0,2549000000.0,2549000000.0,False,0.0,match
CAT,net_income,quarterly,2025-12-31 00:00:00,2025-12-31,0.0,2025.0,4.0,2402000000.0,2402000000.0,2402000000.0,True,0.0,match
CAT,net_income,quarterly,2025-09-30 00:00:00,2025-09-30,0.0,2025.0,3.0,2300000000.0,2300000000.0,2300000000.0,False,0.0,match
CAT,net_income,quarterly,2025-06-30 00:00:00,2025-06-30,0.0,2025.0,2.0,2179000000.0,2179000000.0,2179000000.0,False,0.0,match
CAT,operating_income,annual,2025-12-31 00:00:00,2025-12-31,0.0,2025.0,,11151000000.0,11151000000.0,11151000000.0,True,0.0,match
CAT,operating_income,annual,2024-12-31 00:00:00,2024-12-31,0.0,2024.0,,13072000000.0,13072000000.0,13072000000.0,True,0.0,match
CAT,operating_income,annual,2023-12-31 00:00:00,2023-12-31,0.0,2023.0,,12966000000.0,12966000000.0,12966000000.0,True,0.0,match
CAT,operating_income,annual,2022-12-31 00:00:00,2022-12-31,0.0,2022.0,,8829000000.0,7904000000.0,7904000000.0,True,0.11702935222672065,unexplained
CAT,operating_income,quarterly,2026-06-30 00:00:00,2026-06-30,0.0,2026.0,2.0,4295000000.0,4295000000.0,4295000000.0,False,0.0,match
CAT,operating_income,quarterly,2026-03-31 00:00:00,2026-03-31,0.0,2026.0,1.0,3085000000.0,3085000000.0,3085000000.0,False,0.0,match
CAT,operating_income,quarterly,2025-12-31 00:00:00,2025-12-31,0.0,2025.0,4.0,2660000000.0,2660000000.0,2660000000.0,True,0.0,match
CAT,operating_income,quarterly,2025-09-30 00:00:00,2025-09-30,0.0,2025.0,3.0,3052000000.0,3052000000.0,3052000000.0,False,0.0,match
CAT,operating_income,quarterly,2025-06-30 00:00:00,2025-06-30,0.0,2025.0,2.0,2860000000.0,2860000000.0,2860000000.0,False,0.0,match
CAT,revenue,annual,2025-12-31 00:00:00,2025-12-31,0.0,2025.0,,67589000000.0,67589000000.0,67589000000.0,True,0.0,match
CAT,revenue,annual,2024-12-31 00:00:00,2024-12-31,0.0,2024.0,,64809000000.0,64809000000.0,64809000000.0,True,0.0,match
CAT,revenue,annual,2023-12-31 00:00:00,2023-12-31,0.0,2023.0,,67060000000.0,67060000000.0,67060000000.0,True,0.0,match
CAT,revenue,annual,2022-12-31 00:00:00,2022-12-31,0.0,2022.0,,59427000000.0,59427000000.0,59427000000.0,True,0.0,match
CAT,revenue,quarterly,2026-06-30 00:00:00,2026-06-30,0.0,2026.0,2.0,20543000000.0,20543000000.0,20543000000.0,False,0.0,match
CAT,revenue,quarterly,2026-03-31 00:00:00,2026-03-31,0.0,2026.0,1.0,17415000000.0,17415000000.0,17415000000.0,False,0.0,match
CAT,revenue,quarterly,2025-12-31 00:00:00,2025-12-31,0.0,2025.0,4.0,19133000000.0,19133000000.0,19133000000.0,True,0.0,match
CAT,revenue,quarterly,2025-09-30 00:00:00,2025-09-30,0.0,2025.0,3.0,17638000000.0,17638000000.0,17638000000.0,False,0.0,match
CAT,revenue,quarterly,2025-06-30 00:00:00,2025-06-30,0.0,2025.0,2.0,16569000000.0,16569000000.0,16569000000.0,False,0.0,match
COP,diluted_shares,annual,2025-12-31 00:00:00,2025-12-31,0.0,2025.0,,1253446000.0,1253446000.0,1253446000.0,True,0.0,match
COP,diluted_shares,annual,2024-12-31 00:00:00,2024-12-31,0.0,2024.0,,1180871000.0,1180871000.0,1180871000.0,True,0.0,match
COP,diluted_shares,annual,2023-12-31 00:00:00,2023-12-31,0.0,2023.0,,1205675000.0,1205675000.0,1205675000.0,True,0.0,match
COP,diluted_shares,annual,2022-12-31 00:00:00,2022-12-31,0.0,2022.0,,1278163000.0,1278163000.0,1278163000.0,True,0.0,match
COP,diluted_shares,quarterly,2026-06-30 00:00:00,2026-06-30,0.0,2026.0,2.0,1214255000.0,1214255000.0,1214255000.0,False,0.0,match
COP,diluted_shares,quarterly,2026-03-31 00:00:00,2026-03-31,0.0,2026.0,1.0,1224960000.0,1224960000.0,1224960000.0,False,0.0,match
COP,diluted_shares,quarterly,2025-12-31 00:00:00,,,,,1233956000.0,,,,,q4_not_filed
COP,diluted_shares,quarterly,2025-09-30 00:00:00,2025-09-30,0.0,2025.0,3.0,1246854000.0,1246854000.0,1246854000.0,False,0.0,match
COP,diluted_shares,quarterly,2025-06-30 00:00:00,2025-06-30,0.0,2025.0,2.0,1258998000.0,1258998000.0,1258998000.0,False,0.0,match
COP,eps_diluted,annual,2025-12-31 00:00:00,2025-12-31,0.0,2025.0,,6.35,6.35,6.35,True,0.0,match
COP,eps_diluted,annual,2024-12-31 00:00:00,2024-12-31,0.0,2024.0,,7.81,7.81,7.81,True,0.0,match
COP,eps_diluted,annual,2023-12-31 00:00:00,2023-12-31,0.0,2023.0,,9.06,9.06,9.06,True,0.0,match
COP,eps_diluted,annual,2022-12-31 00:00:00,2022-12-31,0.0,2022.0,,14.57,14.57,14.57,True,0.0,match
COP,eps_diluted,quarterly,2026-06-30 00:00:00,2026-06-30,0.0,2026.0,2.0,3.23,3.23,3.23,False,0.0,match
COP,eps_diluted,quarterly,2026-03-31 00:00:00,2026-03-31,0.0,2026.0,1.0,1.78,1.78,1.78,False,0.0,match
COP,eps_diluted,quarterly,2025-12-31 00:00:00,,,,,1.17,,,,,q4_not_filed
COP,eps_diluted,quarterly,2025-09-30 00:00:00,2025-09-30,0.0,2025.0,3.0,1.38,1.38,1.38,False,0.0,match
COP,eps_diluted,quarterly,2025-06-30 00:00:00,2025-06-30,0.0,2025.0,2.0,1.56,1.56,1.56,False,0.0,match
COP,net_income,annual,2025-12-31 00:00:00,2025-12-31,0.0,2025.0,,7988000000.0,7988000000.0,7988000000.0,True,0.0,match
COP,net_income,annual,2024-12-31 00:00:00,2024-12-31,0.0,2024.0,,9245000000.0,9245000000.0,9245000000.0,True,0.0,match
COP,net_income,annual,2023-12-31 00:00:00,2023-12-31,0.0,2023.0,,10957000000.0,10957000000.0,10957000000.0,True,0.0,match
COP,net_income,annual,2022-12-31 00:00:00,2022-12-31,0.0,2022.0,,18680000000.0,18680000000.0,18680000000.0,True,0.0,match
COP,net_income,quarterly,2026-06-30 00:00:00,2026-06-30,0.0,2026.0,2.0,3931000000.0,3931000000.0,3931000000.0,False,0.0,match
COP,net_income,quarterly,2026-03-31 00:00:00,2026-03-31,0.0,2026.0,1.0,2183000000.0,2183000000.0,2183000000.0,False,0.0,match
COP,net_income,quarterly,2025-12-31 00:00:00,2025-12-31,0.0,2025.0,4.0,1442000000.0,1442000000.0,1442000000.0,True,0.0,match
COP,net_income,quarterly,2025-09-30 00:00:00,2025-09-30,0.0,2025.0,3.0,1726000000.0,1726000000.0,1726000000.0,False,0.0,match
COP,net_income,quarterly,2025-06-30 00:00:00,2025-06-30,0.0,2025.0,2.0,1971000000.0,1971000000.0,1971000000.0,False,0.0,match
COP,operating_income,annual,2025-12-31 00:00:00,,,,,11342000000.0,,,,,vendor_only_metric
COP,operating_income,annual,2024-12-31 00:00:00,,,,,12783000000.0,,,,,vendor_only_metric
COP,operating_income,annual,2023-12-31 00:00:00,,,,,15026000000.0,,,,,vendor_only_metric
COP,operating_income,annual,2022-12-31 00:00:00,,,,,25462000000.0,,,,,vendor_only_metric
COP,operating_income,quarterly,2026-06-30 00:00:00,,,,,5979000000.0,,,,,vendor_only_metric
COP,operating_income,quarterly,2026-03-31 00:00:00,,,,,3387000000.0,,,,,vendor_only_metric
COP,operating_income,quarterly,2025-12-31 00:00:00,,,,,1760000000.0,,,,,vendor_only_metric
COP,operating_income,quarterly,2025-09-30 00:00:00,,,,,2758000000.0,,,,,vendor_only_metric
COP,operating_income,quarterly,2025-06-30 00:00:00,,,,,2606000000.0,,,,,vendor_only_metric
COP,revenue,annual,2025-12-31 00:00:00,2025-12-31,0.0,2025.0,,58944000000.0,58944000000.0,58944000000.0,True,0.0,match
COP,revenue,annual,2024-12-31 00:00:00,2024-12-31,0.0,2024.0,,54745000000.0,54745000000.0,54745000000.0,True,0.0,match
COP,revenue,annual,2023-12-31 00:00:00,2023-12-31,0.0,2023.0,,56141000000.0,56141000000.0,56141000000.0,True,0.0,match
COP,revenue,annual,2022-12-31 00:00:00,2022-12-31,0.0,2022.0,,78494000000.0,78494000000.0,78494000000.0,True,0.0,match
COP,revenue,quarterly,2026-06-30 00:00:00,2026-06-30,0.0,2026.0,2.0,19161000000.0,19161000000.0,19161000000.0,False,0.0,match
COP,revenue,quarterly,2026-03-31 00:00:00,2026-03-31,0.0,2026.0,1.0,15761000000.0,15761000000.0,15761000000.0,False,0.0,match
COP,revenue,quarterly,2025-12-31 00:00:00,2025-12-31,0.0,2025.0,4.0,13392000000.0,13392000000.0,13392000000.0,True,0.0,match
COP,revenue,quarterly,2025-09-30 00:00:00,2025-09-30,0.0,2025.0,3.0,15031000000.0,15031000000.0,15031000000.0,False,0.0,match
COP,revenue,quarterly,2025-06-30 00:00:00,2025-06-30,0.0,2025.0,2.0,14004000000.0,14004000000.0,14004000000.0,False,0.0,match
CVX,diluted_shares,annual,2025-12-31 00:00:00,2025-12-31,0.0,2025.0,,1855637000.0,1856000000.0,1856000000.0,True,-0.00019558189655172415,match
CVX,diluted_shares,annual,2024-12-31 00:00:00,2024-12-31,0.0,2024.0,,1816602000.0,1817000000.0,1817000000.0,True,-0.00021904237754540452,match
CVX,diluted_shares,annual,2023-12-31 00:00:00,2023-12-31,0.0,2023.0,,1880307000.0,1880000000.0,1880000000.0,True,0.00016329787234042553,match
CVX,diluted_shares,annual,2022-12-31 00:00:00,2022-12-31,0.0,2022.0,,1940277000.0,1940000000.0,1940000000.0,True,0.00014278350515463918,match
CVX,diluted_shares,quarterly,2026-06-30 00:00:00,2026-06-30,0.0,2026.0,2.0,1975087000.0,1975087000.0,1975087000.0,False,0.0,match
CVX,diluted_shares,quarterly,2026-03-31 00:00:00,2026-03-31,0.0,2026.0,1.0,1985900000.0,1985900000.0,1985900000.0,False,0.0,match
CVX,diluted_shares,quarterly,2025-12-31 00:00:00,,,,,1996984000.0,,,,,q4_not_filed
CVX,diluted_shares,quarterly,2025-09-30 00:00:00,2025-09-30,0.0,2025.0,3.0,1946035000.0,1946035000.0,1946035000.0,False,0.0,match
CVX,diluted_shares,quarterly,2025-06-30 00:00:00,2025-06-30,0.0,2025.0,2.0,1724397000.0,1724397000.0,1724397000.0,False,0.0,match
CVX,eps_diluted,annual,2025-12-31 00:00:00,2025-12-31,0.0,2025.0,,6.63,6.63,6.63,True,0.0,match
CVX,eps_diluted,annual,2024-12-31 00:00:00,2024-12-31,0.0,2024.0,,9.72,9.72,9.72,True,0.0,match
CVX,eps_diluted,annual,2023-12-31 00:00:00,2023-12-31,0.0,2023.0,,11.36,11.36,11.36,True,0.0,match
CVX,eps_diluted,annual,2022-12-31 00:00:00,2022-12-31,0.0,2022.0,,18.28,18.28,18.28,True,0.0,match
CVX,eps_diluted,quarterly,2026-06-30 00:00:00,2026-06-30,0.0,2026.0,2.0,6.11,6.11,6.11,False,0.0,match
CVX,eps_diluted,quarterly,2026-03-31 00:00:00,2026-03-31,0.0,2026.0,1.0,1.11,1.11,1.11,False,0.0,match
CVX,eps_diluted,quarterly,2025-12-31 00:00:00,,,,,1.39,,,,,q4_not_filed
CVX,eps_diluted,quarterly,2025-09-30 00:00:00,2025-09-30,0.0,2025.0,3.0,1.82,1.82,1.82,False,0.0,match
CVX,eps_diluted,quarterly,2025-06-30 00:00:00,2025-06-30,0.0,2025.0,2.0,1.45,1.45,1.45,False,0.0,match
CVX,net_income,annual,2025-12-31 00:00:00,2025-12-31,0.0,2025.0,,12299000000.0,12299000000.0,12299000000.0,True,0.0,match
CVX,net_income,annual,2024-12-31 00:00:00,2024-12-31,0.0,2024.0,,17661000000.0,17661000000.0,17661000000.0,True,0.0,match
CVX,net_income,annual,2023-12-31 00:00:00,2023-12-31,0.0,2023.0,,21369000000.0,21369000000.0,21369000000.0,True,0.0,match
CVX,net_income,annual,2022-12-31 00:00:00,2022-12-31,0.0,2022.0,,35465000000.0,35465000000.0,35465000000.0,True,0.0,match
CVX,net_income,quarterly,2026-06-30 00:00:00,2026-06-30,0.0,2026.0,2.0,12072000000.0,12072000000.0,12072000000.0,False,0.0,match
CVX,net_income,quarterly,2026-03-31 00:00:00,2026-03-31,0.0,2026.0,1.0,2210000000.0,2210000000.0,2210000000.0,False,0.0,match
CVX,net_income,quarterly,2025-12-31 00:00:00,2025-12-31,0.0,2025.0,4.0,2770000000.0,2770000000.0,2770000000.0,True,0.0,match
CVX,net_income,quarterly,2025-09-30 00:00:00,2025-09-30,0.0,2025.0,3.0,3539000000.0,3539000000.0,3539000000.0,False,0.0,match
CVX,net_income,quarterly,2025-06-30 00:00:00,2025-06-30,0.0,2025.0,2.0,2490000000.0,2490000000.0,2490000000.0,False,0.0,match
CVX,operating_income,annual,2025-12-31 00:00:00,,,,,16674000000.0,,,,,vendor_only_metric
CVX,operating_income,annual,2024-12-31 00:00:00,,,,,18917000000.0,,,,,vendor_only_metric
CVX,operating_income,annual,2023-12-31 00:00:00,,,,,26229000000.0,,,,,vendor_only_metric
CVX,operating_income,annual,2022-12-31 00:00:00,,,,,39950000000.0,,,,,vendor_only_metric
CVX,operating_income,quarterly,2026-06-30 00:00:00,,,,,14276000000.0,,,,,vendor_only_metric
CVX,operating_income,quarterly,2026-03-31 00:00:00,,,,,3222000000.0,,,,,vendor_only_metric
CVX,operating_income,quarterly,2025-12-31 00:00:00,,,,,4023000000.0,,,,,vendor_only_metric
CVX,operating_income,quarterly,2025-09-30 00:00:00,,,,,4297000000.0,,,,,vendor_only_metric
CVX,operating_income,quarterly,2025-06-30 00:00:00,,,,,4057000000.0,,,,,vendor_only_metric
CVX,revenue,annual,2025-12-31 00:00:00,2025-12-31,0.0,2025.0,,184432000000.0,189031000000.0,189031000000.0,True,-0.02432934280620639,unexplained
CVX,revenue,annual,2024-12-31 00:00:00,2024-12-31,0.0,2024.0,,193414000000.0,202792000000.0,202792000000.0,True,-0.04624442778807843,unexplained
CVX,revenue,annual,2023-12-31 00:00:00,2023-12-31,0.0,2023.0,,196913000000.0,200949000000.0,200949000000.0,True,-0.02008469810748001,unexplained
CVX,revenue,annual,2022-12-31 00:00:00,2022-12-31,0.0,2022.0,,235717000000.0,246252000000.0,246252000000.0,True,-0.042781378425352894,unexplained
CVX,revenue,quarterly,2026-06-30 00:00:00,2026-06-30,0.0,2026.0,2.0,67199000000.0,70055000000.0,70055000000.0,False,-0.04076796802512312,unexplained
CVX,revenue,quarterly,2026-03-31 00:00:00,2026-03-31,0.0,2026.0,1.0,47556000000.0,48607000000.0,48607000000.0,False,-0.02162240006583414,unexplained
CVX,revenue,quarterly,2025-12-31 00:00:00,2025-12-31,0.0,2025.0,4.0,45787000000.0,46873000000.0,46873000000.0,True,-0.02316898854351119,unexplained
CVX,revenue,quarterly,2025-09-30 00:00:00,2025-09-30,0.0,2025.0,3.0,48169000000.0,49726000000.0,49726000000.0,False,-0.031311587499497244,unexplained
CVX,revenue,quarterly,2025-06-30 00:00:00,2025-06-30,0.0,2025.0,2.0,44375000000.0,44822000000.0,44822000000.0,False,-0.009972781223506314,unexplained
DE,diluted_shares,annual,2025-10-31 00:00:00,2025-11-02,-2.0,2025.0,,271700000.0,271700000.0,271700000.0,True,0.0,match
DE,diluted_shares,annual,2024-10-31 00:00:00,2024-10-27,4.0,2024.0,,277100000.0,277100000.0,277100000.0,True,0.0,match
DE,diluted_shares,annual,2023-10-31 00:00:00,2023-10-29,2.0,2023.0,,293600000.0,293600000.0,293600000.0,True,0.0,match
DE,diluted_shares,annual,2022-10-31 00:00:00,2022-10-30,1.0,2022.0,,306300000.0,306300000.0,306300000.0,True,0.0,match
DE,diluted_shares,quarterly,2026-07-31 00:00:00,2026-08-02,-2.0,2026.0,3.0,270700000.0,270700000.0,270700000.0,False,0.0,match
DE,diluted_shares,quarterly,2026-04-30 00:00:00,2026-05-03,-3.0,2026.0,2.0,270800000.0,270800000.0,270800000.0,False,0.0,match
DE,diluted_shares,quarterly,2026-01-31 00:00:00,2026-02-01,-1.0,2026.0,1.0,270900000.0,270900000.0,270900000.0,False,0.0,match
DE,diluted_shares,quarterly,2025-10-31 00:00:00,,,,,271100000.0,,,,,q4_not_filed
DE,diluted_shares,quarterly,2025-07-31 00:00:00,2025-07-27,4.0,2025.0,3.0,271400000.0,271400000.0,271400000.0,False,0.0,match
DE,eps_diluted,annual,2025-10-31 00:00:00,2025-11-02,-2.0,2025.0,,18.5,18.5,18.5,True,0.0,match
DE,eps_diluted,annual,2024-10-31 00:00:00,2024-10-27,4.0,2024.0,,25.62,25.62,25.62,True,0.0,match
DE,eps_diluted,annual,2023-10-31 00:00:00,2023-10-29,2.0,2023.0,,34.63,34.63,34.63,True,0.0,match
DE,eps_diluted,annual,2022-10-31 00:00:00,2022-10-30,1.0,2022.0,,23.28,23.28,23.28,True,0.0,match
DE,eps_diluted,quarterly,2026-07-31 00:00:00,2026-08-02,-2.0,2026.0,3.0,5.1,5.1,5.1,False,0.0,match
DE,eps_diluted,quarterly,2026-04-30 00:00:00,2026-05-03,-3.0,2026.0,2.0,6.55,6.55,6.55,False,0.0,match
DE,eps_diluted,quarterly,2026-01-31 00:00:00,2026-02-01,-1.0,2026.0,1.0,2.42,2.42,2.42,False,0.0,match
DE,eps_diluted,quarterly,2025-10-31 00:00:00,,,,,3.93,,,,,q4_not_filed
DE,eps_diluted,quarterly,2025-07-31 00:00:00,2025-07-27,4.0,2025.0,3.0,4.75,4.75,4.75,False,0.0,match
DE,net_income,annual,2025-10-31 00:00:00,2025-11-02,-2.0,2025.0,,5027000000.0,5027000000.0,5027000000.0,True,0.0,match
DE,net_income,annual,2024-10-31 00:00:00,2024-10-27,4.0,2024.0,,7100000000.0,7100000000.0,7100000000.0,True,0.0,match
DE,net_income,annual,2023-10-31 00:00:00,2023-10-29,2.0,2023.0,,10166000000.0,10166000000.0,10166000000.0,True,0.0,match
DE,net_income,annual,2022-10-31 00:00:00,2022-10-30,1.0,2022.0,,7131000000.0,7131000000.0,7131000000.0,True,0.0,match
DE,net_income,quarterly,2026-07-31 00:00:00,2026-08-02,-2.0,2026.0,3.0,1379000000.0,1379000000.0,1379000000.0,False,0.0,match
DE,net_income,quarterly,2026-04-30 00:00:00,2026-05-03,-3.0,2026.0,2.0,1773000000.0,1773000000.0,1773000000.0,False,0.0,match
DE,net_income,quarterly,2026-01-31 00:00:00,2026-02-01,-1.0,2026.0,1.0,656000000.0,656000000.0,656000000.0,False,0.0,match
DE,net_income,quarterly,2025-10-31 00:00:00,2025-11-02,-2.0,2025.0,4.0,1065000000.0,1065000000.0,1065000000.0,True,0.0,match
DE,net_income,quarterly,2025-07-31 00:00:00,2025-07-27,4.0,2025.0,3.0,1289000000.0,1289000000.0,1289000000.0,False,0.0,match
DE,operating_income,annual,2025-10-31 00:00:00,,,,,8416000000.0,,,,,missing_in_sec
DE,operating_income,annual,2024-10-31 00:00:00,2024-10-27,4.0,2024.0,,11427000000.0,9039000000.0,9039000000.0,True,0.2641885164288085,unexplained
DE,operating_income,annual,2023-10-31 00:00:00,2023-10-29,2.0,2023.0,,14591000000.0,12958000000.0,12958000000.0,True,0.1260225343417194,unexplained
DE,operating_income,annual,2022-10-31 00:00:00,2022-10-30,1.0,2022.0,,9026000000.0,9508000000.0,9508000000.0,True,-0.050694152292806056,unexplained
DE,operating_income,quarterly,2026-07-31 00:00:00,,,,,2336000000.0,,,,,missing_in_sec
DE,operating_income,quarterly,2026-04-30 00:00:00,,,,,2728000000.0,,,,,missing_in_sec
DE,operating_income,quarterly,2026-01-31 00:00:00,,,,,1288000000.0,,,,,missing_in_sec
DE,operating_income,quarterly,2025-10-31 00:00:00,,,,,1895000000.0,,,,,q4_not_filed
DE,operating_income,quarterly,2025-07-31 00:00:00,,,,,2159000000.0,,,,,missing_in_sec
DE,revenue,annual,2025-10-31 00:00:00,2025-11-02,-2.0,2025.0,,44665000000.0,45684000000.0,45684000000.0,True,-0.02230540232904299,unexplained
DE,revenue,annual,2024-10-31 00:00:00,2024-10-27,4.0,2024.0,,50518000000.0,51716000000.0,51716000000.0,True,-0.02316497795653183,unexplained
DE,revenue,annual,2023-10-31 00:00:00,2023-10-29,2.0,2023.0,,60248000000.0,61251000000.0,61251000000.0,True,-0.01637524285317791,unexplained
DE,revenue,annual,2022-10-31 00:00:00,2022-10-30,1.0,2022.0,,51282000000.0,52577000000.0,52577000000.0,True,-0.024630541871921183,unexplained
DE,revenue,quarterly,2026-07-31 00:00:00,2026-08-02,-2.0,2026.0,3.0,12352000000.0,12608000000.0,12608000000.0,False,-0.02030456852791878,unexplained
DE,revenue,quarterly,2026-04-30 00:00:00,2026-05-03,-3.0,2026.0,2.0,13092000000.0,13369000000.0,13369000000.0,False,-0.020719575136509835,unexplained
DE,revenue,quarterly,2026-01-31 00:00:00,2026-02-01,-1.0,2026.0,1.0,9344000000.0,9611000000.0,9611000000.0,False,-0.02778066798460098,unexplained
DE,revenue,quarterly,2025-10-31 00:00:00,2025-11-02,-2.0,2025.0,4.0,12094000000.0,12394000000.0,12394000000.0,True,-0.024205260609972568,unexplained
DE,revenue,quarterly,2025-07-31 00:00:00,2025-07-27,4.0,2025.0,3.0,11783000000.0,12018000000.0,12018000000.0,False,-0.019554002329838574,unexplained
DUK,diluted_shares,annual,2025-12-31 00:00:00,2025-12-31,0.0,2025.0,,777000000.0,777000000.0,777000000.0,True,0.0,match
DUK,diluted_shares,annual,2024-12-31 00:00:00,2024-12-31,0.0,2024.0,,772000000.0,772000000.0,772000000.0,True,0.0,match
DUK,diluted_shares,annual,2023-12-31 00:00:00,2023-12-31,0.0,2023.0,,771000000.0,771000000.0,771000000.0,True,0.0,match
DUK,diluted_shares,annual,2022-12-31 00:00:00,2022-12-31,0.0,2022.0,,770000000.0,770000000.0,770000000.0,True,0.0,match
DUK,diluted_shares,quarterly,2026-06-30 00:00:00,,,,,779000000.0,,,,,missing_in_sec
DUK,diluted_shares,quarterly,2026-03-31 00:00:00,2026-03-31,0.0,2026.0,1.0,779000000.0,779000000.0,779000000.0,False,0.0,match
DUK,diluted_shares,quarterly,2025-12-31 00:00:00,,,,,778000000.0,,,,,q4_not_filed
DUK,diluted_shares,quarterly,2025-09-30 00:00:00,2025-09-30,0.0,2025.0,3.0,778000000.0,778000000.0,778000000.0,False,0.0,match
DUK,diluted_shares,quarterly,2025-06-30 00:00:00,2025-06-30,0.0,2025.0,2.0,777000000.0,777000000.0,777000000.0,False,0.0,match
DUK,eps_diluted,annual,2025-12-31 00:00:00,2025-12-31,0.0,2025.0,,6.31,6.31,6.31,True,0.0,match
DUK,eps_diluted,annual,2024-12-31 00:00:00,2024-12-31,0.0,2024.0,,5.71,5.71,5.71,True,0.0,match
DUK,eps_diluted,annual,2023-12-31 00:00:00,2023-12-31,0.0,2023.0,,3.54,3.54,3.54,True,0.0,match
DUK,eps_diluted,annual,2022-12-31 00:00:00,2022-12-31,0.0,2022.0,,3.33,3.17,3.17,True,0.050473186119873864,unexplained
DUK,eps_diluted,quarterly,2026-06-30 00:00:00,,,,,1.38,,,,,missing_in_sec
DUK,eps_diluted,quarterly,2026-03-31 00:00:00,2026-03-31,0.0,2026.0,1.0,1.97,1.97,1.97,False,0.0,match
DUK,eps_diluted,quarterly,2025-12-31 00:00:00,,,,,1.5,,,,,q4_not_filed
DUK,eps_diluted,quarterly,2025-09-30 00:00:00,2025-09-30,0.0,2025.0,3.0,1.81,1.81,1.81,False,0.0,match
DUK,eps_diluted,quarterly,2025-06-30 00:00:00,2025-06-30,0.0,2025.0,2.0,1.25,1.25,1.25,False,0.0,match
DUK,net_income,annual,2025-12-31 00:00:00,2025-12-31,0.0,2025.0,,4968000000.0,4968000000.0,4968000000.0,True,0.0,match
DUK,net_income,annual,2024-12-31 00:00:00,2024-12-31,0.0,2024.0,,4524000000.0,4524000000.0,4524000000.0,True,0.0,match
DUK,net_income,annual,2023-12-31 00:00:00,2023-12-31,0.0,2023.0,,2841000000.0,2841000000.0,2841000000.0,True,0.0,match
DUK,net_income,annual,2022-12-31 00:00:00,2022-12-31,0.0,2022.0,,2550000000.0,2550000000.0,2550000000.0,True,0.0,match
DUK,net_income,quarterly,2026-03-31 00:00:00,2026-03-31,0.0,2026.0,1.0,1550000000.0,1550000000.0,1550000000.0,False,0.0,match
DUK,net_income,quarterly,2025-12-31 00:00:00,2025-12-31,0.0,2025.0,4.0,1184000000.0,1184000000.0,1184000000.0,True,0.0,match
DUK,net_income,quarterly,2025-09-30 00:00:00,2025-09-30,0.0,2025.0,3.0,1421000000.0,1421000000.0,1421000000.0,False,0.0,match
DUK,net_income,quarterly,2025-06-30 00:00:00,2025-06-30,0.0,2025.0,2.0,984000000.0,984000000.0,984000000.0,False,0.0,match
DUK,net_income,quarterly,2025-03-31 00:00:00,2025-03-31,0.0,2025.0,1.0,1379000000.0,1379000000.0,1379000000.0,False,0.0,match
DUK,operating_income,annual,2025-12-31 00:00:00,2025-12-31,0.0,2025.0,,8577000000.0,8626000000.0,8626000000.0,True,-0.005680500811500116,unexplained
DUK,operating_income,annual,2024-12-31 00:00:00,2024-12-31,0.0,2024.0,,7938000000.0,7926000000.0,7926000000.0,True,0.001514004542013626,match
DUK,operating_income,annual,2023-12-31 00:00:00,2023-12-31,0.0,2023.0,,7103000000.0,7070000000.0,7070000000.0,True,0.004667609618104668,match
DUK,operating_income,annual,2022-12-31 00:00:00,2022-12-31,0.0,2022.0,,6424000000.0,6012000000.0,6012000000.0,True,0.06852960745176315,unexplained
DUK,operating_income,quarterly,2026-03-31 00:00:00,2026-03-31,0.0,2026.0,1.0,2341000000.0,2725000000.0,2725000000.0,False,-0.14091743119266056,unexplained
DUK,operating_income,quarterly,2025-12-31 00:00:00,2025-12-31,0.0,2025.0,4.0,2104000000.0,2119000000.0,2119000000.0,True,-0.0070788107597923545,unexplained
DUK,operating_income,quarterly,2025-09-30 00:00:00,2025-09-30,0.0,2025.0,3.0,2317000000.0,2334000000.0,2334000000.0,False,-0.00728363324764353,unexplained
DUK,operating_income,quarterly,2025-06-30 00:00:00,2025-06-30,0.0,2025.0,2.0,1819000000.0,1830000000.0,1830000000.0,False,-0.006010928961748634,unexplained
DUK,operating_income,quarterly,2025-03-31 00:00:00,2025-03-31,0.0,2025.0,1.0,2337000000.0,2343000000.0,2343000000.0,False,-0.002560819462227913,match
DUK,revenue,annual,2025-12-31 00:00:00,2025-12-31,0.0,2025.0,,32237000000.0,32237000000.0,32237000000.0,True,0.0,match
DUK,revenue,annual,2024-12-31 00:00:00,2024-12-31,0.0,2024.0,,30357000000.0,30357000000.0,30357000000.0,True,0.0,match
DUK,revenue,annual,2023-12-31 00:00:00,2023-12-31,0.0,2023.0,,29060000000.0,29060000000.0,29060000000.0,True,0.0,match
DUK,revenue,annual,2022-12-31 00:00:00,2022-12-31,0.0,2022.0,,28768000000.0,28768000000.0,28768000000.0,True,0.0,match
DUK,revenue,quarterly,2026-03-31 00:00:00,2026-03-31,0.0,2026.0,1.0,9178000000.0,9178000000.0,9178000000.0,False,0.0,match
DUK,revenue,quarterly,2025-12-31 00:00:00,2025-12-31,0.0,2025.0,4.0,7938000000.0,7938000000.0,7938000000.0,True,0.0,match
DUK,revenue,quarterly,2025-09-30 00:00:00,2025-09-30,0.0,2025.0,3.0,8542000000.0,8542000000.0,8542000000.0,False,0.0,match
DUK,revenue,quarterly,2025-06-30 00:00:00,2025-06-30,0.0,2025.0,2.0,7508000000.0,7508000000.0,7508000000.0,False,0.0,match
DUK,revenue,quarterly,2025-03-31 00:00:00,2025-03-31,0.0,2025.0,1.0,8249000000.0,8249000000.0,8249000000.0,False,0.0,match
GOOGL,diluted_shares,annual,2025-12-31 00:00:00,2025-12-31,0.0,2025.0,,12230000000.0,12230000000.0,12230000000.0,True,0.0,match
GOOGL,diluted_shares,annual,2024-12-31 00:00:00,2024-12-31,0.0,2024.0,,12447000000.0,12447000000.0,12447000000.0,True,0.0,match
GOOGL,diluted_shares,annual,2023-12-31 00:00:00,2023-12-31,0.0,2023.0,,12722000000.0,12722000000.0,12722000000.0,True,0.0,match
GOOGL,diluted_shares,annual,2022-12-31 00:00:00,2022-12-31,0.0,2022.0,,13159000000.0,13159000000.0,13159000000.0,True,0.0,match
GOOGL,diluted_shares,quarterly,2026-06-30 00:00:00,2026-06-30,0.0,2026.0,2.0,12309000000.0,12309000000.0,12309000000.0,False,0.0,match
GOOGL,diluted_shares,quarterly,2026-03-31 00:00:00,2026-03-31,0.0,2026.0,1.0,12238000000.0,12238000000.0,12238000000.0,False,0.0,match
GOOGL,diluted_shares,quarterly,2025-12-31 00:00:00,,,,,12228000000.0,,,,,q4_not_filed
GOOGL,diluted_shares,quarterly,2025-09-30 00:00:00,2025-09-30,0.0,2025.0,3.0,12203000000.0,12203000000.0,12203000000.0,False,0.0,match
GOOGL,diluted_shares,quarterly,2025-06-30 00:00:00,2025-06-30,0.0,2025.0,2.0,12198000000.0,12198000000.0,12198000000.0,False,0.0,match
GOOGL,eps_diluted,annual,2025-12-31 00:00:00,2025-12-31,0.0,2025.0,,10.81,10.81,10.81,True,0.0,match
GOOGL,eps_diluted,annual,2024-12-31 00:00:00,2024-12-31,0.0,2024.0,,8.04,8.04,8.04,True,0.0,match
GOOGL,eps_diluted,annual,2023-12-31 00:00:00,2023-12-31,0.0,2023.0,,5.8,5.8,5.8,True,0.0,match
GOOGL,eps_diluted,annual,2022-12-31 00:00:00,2022-12-31,0.0,2022.0,,4.56,4.56,4.56,True,0.0,match
GOOGL,eps_diluted,quarterly,2026-06-30 00:00:00,2026-06-30,0.0,2026.0,2.0,9.11,9.11,9.11,False,0.0,match
GOOGL,eps_diluted,quarterly,2026-03-31 00:00:00,2026-03-31,0.0,2026.0,1.0,5.11,5.11,5.11,False,0.0,match
GOOGL,eps_diluted,quarterly,2025-12-31 00:00:00,,,,,2.82,,,,,q4_not_filed
GOOGL,eps_diluted,quarterly,2025-09-30 00:00:00,2025-09-30,0.0,2025.0,3.0,2.87,2.87,2.87,False,0.0,match
GOOGL,eps_diluted,quarterly,2025-06-30 00:00:00,2025-06-30,0.0,2025.0,2.0,2.31,2.31,2.31,False,0.0,match
GOOGL,net_income,annual,2025-12-31 00:00:00,2025-12-31,0.0,2025.0,,132170000000.0,132170000000.0,132170000000.0,True,0.0,match
GOOGL,net_income,annual,2024-12-31 00:00:00,2024-12-31,0.0,2024.0,,100118000000.0,100118000000.0,100118000000.0,True,0.0,match
GOOGL,net_income,annual,2023-12-31 00:00:00,2023-12-31,0.0,2023.0,,73795000000.0,73795000000.0,73795000000.0,True,0.0,match
GOOGL,net_income,annual,2022-12-31 00:00:00,2022-12-31,0.0,2022.0,,59972000000.0,59972000000.0,59972000000.0,True,0.0,match
GOOGL,net_income,quarterly,2026-06-30 00:00:00,2026-06-30,0.0,2026.0,2.0,112193000000.0,112193000000.0,112193000000.0,False,0.0,match
GOOGL,net_income,quarterly,2026-03-31 00:00:00,2026-03-31,0.0,2026.0,1.0,62578000000.0,62578000000.0,62578000000.0,False,0.0,match
GOOGL,net_income,quarterly,2025-12-31 00:00:00,2025-12-31,0.0,2025.0,4.0,34455000000.0,34455000000.0,34455000000.0,True,0.0,match
GOOGL,net_income,quarterly,2025-09-30 00:00:00,2025-09-30,0.0,2025.0,3.0,34979000000.0,34979000000.0,34979000000.0,False,0.0,match
GOOGL,net_income,quarterly,2025-06-30 00:00:00,2025-06-30,0.0,2025.0,2.0,28196000000.0,28196000000.0,28196000000.0,False,0.0,match
GOOGL,operating_income,annual,2025-12-31 00:00:00,2025-12-31,0.0,2025.0,,129039000000.0,129039000000.0,129039000000.0,True,0.0,match
GOOGL,operating_income,annual,2024-12-31 00:00:00,2024-12-31,0.0,2024.0,,112390000000.0,112390000000.0,112390000000.0,True,0.0,match
GOOGL,operating_income,annual,2023-12-31 00:00:00,2023-12-31,0.0,2023.0,,84293000000.0,84293000000.0,84293000000.0,True,0.0,match
GOOGL,operating_income,annual,2022-12-31 00:00:00,2022-12-31,0.0,2022.0,,74842000000.0,74842000000.0,74842000000.0,True,0.0,match
GOOGL,operating_income,quarterly,2026-06-30 00:00:00,2026-06-30,0.0,2026.0,2.0,40770000000.0,40770000000.0,40770000000.0,False,0.0,match
GOOGL,operating_income,quarterly,2026-03-31 00:00:00,2026-03-31,0.0,2026.0,1.0,39696000000.0,39696000000.0,39696000000.0,False,0.0,match
GOOGL,operating_income,quarterly,2025-12-31 00:00:00,2025-12-31,0.0,2025.0,4.0,35934000000.0,35934000000.0,35934000000.0,True,0.0,match
GOOGL,operating_income,quarterly,2025-09-30 00:00:00,2025-09-30,0.0,2025.0,3.0,31228000000.0,31228000000.0,31228000000.0,False,0.0,match
GOOGL,operating_income,quarterly,2025-06-30 00:00:00,2025-06-30,0.0,2025.0,2.0,31271000000.0,31271000000.0,31271000000.0,False,0.0,match
GOOGL,revenue,annual,2025-12-31 00:00:00,2025-12-31,0.0,2025.0,,402836000000.0,402836000000.0,402836000000.0,True,0.0,match
GOOGL,revenue,annual,2024-12-31 00:00:00,2024-12-31,0.0,2024.0,,350018000000.0,350018000000.0,350018000000.0,True,0.0,match
GOOGL,revenue,annual,2023-12-31 00:00:00,2023-12-31,0.0,2023.0,,307394000000.0,307394000000.0,307394000000.0,True,0.0,match
GOOGL,revenue,annual,2022-12-31 00:00:00,2022-12-31,0.0,2022.0,,282836000000.0,282836000000.0,282836000000.0,True,0.0,match
GOOGL,revenue,quarterly,2026-06-30 00:00:00,2026-06-30,0.0,2026.0,2.0,119796000000.0,119796000000.0,119796000000.0,False,0.0,match
GOOGL,revenue,quarterly,2026-03-31 00:00:00,2026-03-31,0.0,2026.0,1.0,109896000000.0,109896000000.0,109896000000.0,False,0.0,match
GOOGL,revenue,quarterly,2025-12-31 00:00:00,2025-12-31,0.0,2025.0,4.0,113829000000.0,113829000000.0,113829000000.0,True,0.0,match
GOOGL,revenue,quarterly,2025-09-30 00:00:00,2025-09-30,0.0,2025.0,3.0,102346000000.0,102346000000.0,102346000000.0,False,0.0,match
GOOGL,revenue,quarterly,2025-06-30 00:00:00,2025-06-30,0.0,2025.0,2.0,96428000000.0,96428000000.0,96428000000.0,False,0.0,match
GS,diluted_shares,annual,2025-12-31 00:00:00,2025-12-31,0.0,2025.0,,317600000.0,317600000.0,317600000.0,True,0.0,match
GS,diluted_shares,annual,2024-12-31 00:00:00,2024-12-31,0.0,2024.0,,333600000.0,333600000.0,333600000.0,True,0.0,match
GS,diluted_shares,annual,2023-12-31 00:00:00,2023-12-31,0.0,2023.0,,345800000.0,345800000.0,345800000.0,True,0.0,match
GS,diluted_shares,annual,2022-12-31 00:00:00,2022-12-31,0.0,2022.0,,358100000.0,358100000.0,358100000.0,True,0.0,match
GS,diluted_shares,quarterly,2026-06-30 00:00:00,2026-06-30,0.0,2026.0,2.0,304900000.0,304900000.0,304900000.0,False,0.0,match
GS,diluted_shares,quarterly,2026-03-31 00:00:00,2026-03-31,0.0,2026.0,1.0,308000000.0,308000000.0,308000000.0,False,0.0,match
GS,diluted_shares,quarterly,2025-12-31 00:00:00,,,,,312900000.0,,,,,q4_not_filed
GS,diluted_shares,quarterly,2025-09-30 00:00:00,2025-09-30,0.0,2025.0,3.0,315000000.0,315000000.0,315000000.0,False,0.0,match
GS,diluted_shares,quarterly,2025-06-30 00:00:00,2025-06-30,0.0,2025.0,2.0,318300000.0,318300000.0,318300000.0,False,0.0,match
GS,eps_diluted,annual,2025-12-31 00:00:00,2025-12-31,0.0,2025.0,,51.32,51.32,51.32,True,0.0,match
GS,eps_diluted,annual,2024-12-31 00:00:00,2024-12-31,0.0,2024.0,,40.54,40.54,40.54,True,0.0,match
GS,eps_diluted,annual,2023-12-31 00:00:00,2023-12-31,0.0,2023.0,,22.87,22.87,22.87,True,0.0,match
GS,eps_diluted,annual,2022-12-31 00:00:00,2022-12-31,0.0,2022.0,,30.06,30.06,30.06,True,0.0,match
GS,eps_diluted,quarterly,2026-06-30 00:00:00,2026-06-30,0.0,2026.0,2.0,20.98,20.98,20.98,False,0.0,match
GS,eps_diluted,quarterly,2026-03-31 00:00:00,2026-03-31,0.0,2026.0,1.0,17.55,17.55,17.55,False,0.0,match
GS,eps_diluted,quarterly,2025-12-31 00:00:00,,,,,14.01,,,,,q4_not_filed
GS,eps_diluted,quarterly,2025-09-30 00:00:00,2025-09-30,0.0,2025.0,3.0,12.25,12.25,12.25,False,0.0,match
GS,eps_diluted,quarterly,2025-06-30 00:00:00,2025-06-30,0.0,2025.0,2.0,10.91,10.91,10.91,False,0.0,match
GS,net_income,annual,2025-12-31 00:00:00,2025-12-31,0.0,2025.0,,17176000000.0,17176000000.0,17176000000.0,True,0.0,match
GS,net_income,annual,2024-12-31 00:00:00,2024-12-31,0.0,2024.0,,14276000000.0,14276000000.0,14276000000.0,True,0.0,match
GS,net_income,annual,2023-12-31 00:00:00,2023-12-31,0.0,2023.0,,8516000000.0,8516000000.0,8516000000.0,True,0.0,match
GS,net_income,annual,2022-12-31 00:00:00,2022-12-31,0.0,2022.0,,11261000000.0,11261000000.0,11261000000.0,True,0.0,match
GS,net_income,quarterly,2026-03-31 00:00:00,2026-03-31,0.0,2026.0,1.0,5630000000.0,5630000000.0,5630000000.0,False,0.0,match
GS,net_income,quarterly,2025-12-31 00:00:00,2025-12-31,0.0,2025.0,4.0,4617000000.0,4617000000.0,4617000000.0,True,0.0,match
GS,net_income,quarterly,2025-09-30 00:00:00,2025-09-30,0.0,2025.0,3.0,4098000000.0,4098000000.0,4098000000.0,False,0.0,match
GS,net_income,quarterly,2025-06-30 00:00:00,2025-06-30,0.0,2025.0,2.0,3723000000.0,3723000000.0,3723000000.0,False,0.0,match
GS,net_income,quarterly,2025-03-31 00:00:00,2025-03-31,0.0,2025.0,1.0,4738000000.0,4738000000.0,4738000000.0,False,0.0,match
GS,revenue,annual,2025-12-31 00:00:00,2025-12-31,0.0,2025.0,,58283000000.0,58283000000.0,58283000000.0,True,0.0,match
GS,revenue,annual,2024-12-31 00:00:00,2024-12-31,0.0,2024.0,,53512000000.0,53512000000.0,53512000000.0,True,0.0,match
GS,revenue,annual,2023-12-31 00:00:00,2023-12-31,0.0,2023.0,,46254000000.0,46254000000.0,46254000000.0,True,0.0,match
GS,revenue,annual,2022-12-31 00:00:00,2022-12-31,0.0,2022.0,,47365000000.0,47365000000.0,47365000000.0,True,0.0,match
GS,revenue,quarterly,2026-03-31 00:00:00,2026-03-31,0.0,2026.0,1.0,17227000000.0,17227000000.0,17227000000.0,False,0.0,match
GS,revenue,quarterly,2025-12-31 00:00:00,2025-12-31,0.0,2025.0,4.0,13454000000.0,13454000000.0,13454000000.0,True,0.0,match
GS,revenue,quarterly,2025-09-30 00:00:00,2025-09-30,0.0,2025.0,3.0,15184000000.0,15184000000.0,15184000000.0,False,0.0,match
GS,revenue,quarterly,2025-06-30 00:00:00,2025-06-30,0.0,2025.0,2.0,14583000000.0,14583000000.0,14583000000.0,False,0.0,match
GS,revenue,quarterly,2025-03-31 00:00:00,2025-03-31,0.0,2025.0,1.0,15062000000.0,15062000000.0,15062000000.0,False,0.0,match
HD,diluted_shares,annual,2026-01-31 00:00:00,2026-02-01,-1.0,2025.0,,995000000.0,995000000.0,995000000.0,True,0.0,match
HD,diluted_shares,annual,2025-01-31 00:00:00,2025-02-02,-2.0,2024.0,,993000000.0,993000000.0,993000000.0,True,0.0,match
HD,diluted_shares,annual,2024-01-31 00:00:00,2024-01-28,3.0,2023.0,,1002000000.0,1002000000.0,1002000000.0,True,0.0,match
HD,diluted_shares,annual,2023-01-31 00:00:00,2023-01-29,2.0,2022.0,,1025000000.0,1025000000.0,1025000000.0,True,0.0,match
HD,diluted_shares,quarterly,2026-07-31 00:00:00,2026-08-02,-2.0,2026.0,2.0,996000000.0,996000000.0,996000000.0,False,0.0,match
HD,diluted_shares,quarterly,2026-04-30 00:00:00,2026-05-03,-3.0,2026.0,1.0,996000000.0,996000000.0,996000000.0,False,0.0,match
HD,diluted_shares,quarterly,2026-01-31 00:00:00,,,,,995000000.0,,,,,q4_not_filed
HD,diluted_shares,quarterly,2025-10-31 00:00:00,2025-11-02,-2.0,2025.0,3.0,995000000.0,995000000.0,995000000.0,False,0.0,match
HD,diluted_shares,quarterly,2025-07-31 00:00:00,2025-08-03,-3.0,2025.0,2.0,994000000.0,994000000.0,994000000.0,False,0.0,match
HD,eps_diluted,annual,2026-01-31 00:00:00,2026-02-01,-1.0,2025.0,,14.23,14.23,14.23,True,0.0,match
HD,eps_diluted,annual,2025-01-31 00:00:00,2025-02-02,-2.0,2024.0,,14.91,14.91,14.91,True,0.0,match
HD,eps_diluted,annual,2024-01-31 00:00:00,2024-01-28,3.0,2023.0,,15.11,15.11,15.11,True,0.0,match
HD,eps_diluted,annual,2023-01-31 00:00:00,2023-01-29,2.0,2022.0,,16.69,16.69,16.69,True,0.0,match
HD,eps_diluted,quarterly,2026-07-31 00:00:00,2026-08-02,-2.0,2026.0,2.0,4.79,4.79,4.79,False,0.0,match
HD,eps_diluted,quarterly,2026-04-30 00:00:00,2026-05-03,-3.0,2026.0,1.0,3.3,3.3,3.3,False,0.0,match
HD,eps_diluted,quarterly,2026-01-31 00:00:00,,,,,2.58,,,,,q4_not_filed
HD,eps_diluted,quarterly,2025-10-31 00:00:00,2025-11-02,-2.0,2025.0,3.0,3.62,3.62,3.62,False,0.0,match
HD,eps_diluted,quarterly,2025-07-31 00:00:00,2025-08-03,-3.0,2025.0,2.0,4.58,4.58,4.58,False,0.0,match
HD,net_income,annual,2026-01-31 00:00:00,2026-02-01,-1.0,2025.0,,14156000000.0,14156000000.0,14156000000.0,True,0.0,match
HD,net_income,annual,2025-01-31 00:00:00,2025-02-02,-2.0,2024.0,,14806000000.0,14806000000.0,14806000000.0,True,0.0,match
HD,net_income,annual,2024-01-31 00:00:00,2024-01-28,3.0,2023.0,,15143000000.0,15143000000.0,15143000000.0,True,0.0,match
HD,net_income,annual,2023-01-31 00:00:00,2023-01-29,2.0,2022.0,,17105000000.0,17105000000.0,17105000000.0,True,0.0,match
HD,net_income,quarterly,2026-07-31 00:00:00,2026-08-02,-2.0,2026.0,2.0,4766000000.0,4766000000.0,4766000000.0,False,0.0,match
HD,net_income,quarterly,2026-04-30 00:00:00,2026-05-03,-3.0,2026.0,1.0,3289000000.0,3289000000.0,3289000000.0,False,0.0,match
HD,net_income,quarterly,2026-01-31 00:00:00,2026-02-01,-1.0,2025.0,4.0,2571000000.0,2571000000.0,2571000000.0,True,0.0,match
HD,net_income,quarterly,2025-10-31 00:00:00,2025-11-02,-2.0,2025.0,3.0,3601000000.0,3601000000.0,3601000000.0,False,0.0,match
HD,net_income,quarterly,2025-07-31 00:00:00,2025-08-03,-3.0,2025.0,2.0,4551000000.0,4551000000.0,4551000000.0,False,0.0,match
HD,operating_income,annual,2026-01-31 00:00:00,2026-02-01,-1.0,2025.0,,20890000000.0,20890000000.0,20890000000.0,True,0.0,match
HD,operating_income,annual,2025-01-31 00:00:00,2025-02-02,-2.0,2024.0,,21526000000.0,21526000000.0,21526000000.0,True,0.0,match
HD,operating_income,annual,2024-01-31 00:00:00,2024-01-28,3.0,2023.0,,21689000000.0,21689000000.0,21689000000.0,True,0.0,match
HD,operating_income,annual,2023-01-31 00:00:00,2023-01-29,2.0,2022.0,,24039000000.0,24039000000.0,24039000000.0,True,0.0,match
HD,operating_income,quarterly,2026-07-31 00:00:00,2026-08-02,-2.0,2026.0,2.0,6839000000.0,6839000000.0,6839000000.0,False,0.0,match
HD,operating_income,quarterly,2026-04-30 00:00:00,2026-05-03,-3.0,2026.0,1.0,4981000000.0,4981000000.0,4981000000.0,False,0.0,match
HD,operating_income,quarterly,2026-01-31 00:00:00,2026-02-01,-1.0,2025.0,4.0,3849000000.0,3849000000.0,3849000000.0,True,0.0,match
HD,operating_income,quarterly,2025-10-31 00:00:00,2025-11-02,-2.0,2025.0,3.0,5353000000.0,5353000000.0,5353000000.0,False,0.0,match
HD,operating_income,quarterly,2025-07-31 00:00:00,2025-08-03,-3.0,2025.0,2.0,6555000000.0,6555000000.0,6555000000.0,False,0.0,match
HD,revenue,annual,2026-01-31 00:00:00,2026-02-01,-1.0,2025.0,,164683000000.0,164683000000.0,164683000000.0,True,0.0,match
HD,revenue,annual,2025-01-31 00:00:00,2025-02-02,-2.0,2024.0,,159514000000.0,159514000000.0,159514000000.0,True,0.0,match
HD,revenue,annual,2024-01-31 00:00:00,2024-01-28,3.0,2023.0,,152669000000.0,152669000000.0,152669000000.0,True,0.0,match
HD,revenue,annual,2023-01-31 00:00:00,2023-01-29,2.0,2022.0,,157403000000.0,157403000000.0,157403000000.0,True,0.0,match
HD,revenue,quarterly,2026-07-31 00:00:00,2026-08-02,-2.0,2026.0,2.0,47861000000.0,47861000000.0,47861000000.0,False,0.0,match
HD,revenue,quarterly,2026-04-30 00:00:00,2026-05-03,-3.0,2026.0,1.0,41765000000.0,41765000000.0,41765000000.0,False,0.0,match
HD,revenue,quarterly,2026-01-31 00:00:00,2026-02-01,-1.0,2025.0,4.0,38198000000.0,38198000000.0,38198000000.0,True,0.0,match
HD,revenue,quarterly,2025-10-31 00:00:00,2025-11-02,-2.0,2025.0,3.0,41352000000.0,41352000000.0,41352000000.0,False,0.0,match
HD,revenue,quarterly,2025-07-31 00:00:00,2025-08-03,-3.0,2025.0,2.0,45277000000.0,45277000000.0,45277000000.0,False,0.0,match
HON,diluted_shares,annual,2025-12-31 00:00:00,2025-12-31,0.0,2025.0,,321400000.0,642800000.0,642800000.0,True,-0.5,unrecorded_basis_change
HON,diluted_shares,annual,2024-12-31 00:00:00,2024-12-31,0.0,2024.0,,327650000.0,655300000.0,655300000.0,True,-0.5,unrecorded_basis_change
HON,diluted_shares,annual,2023-12-31 00:00:00,2023-12-31,0.0,2023.0,,334100000.0,668200000.0,668200000.0,True,-0.5,unrecorded_basis_change
HON,diluted_shares,annual,2022-12-31 00:00:00,2022-12-31,0.0,2022.0,,341550000.0,683100000.0,683100000.0,True,-0.5,unrecorded_basis_change
HON,diluted_shares,quarterly,2026-06-30 00:00:00,2026-06-30,0.0,2026.0,2.0,318600000.0,318600000.0,318600000.0,False,0.0,match
HON,diluted_shares,quarterly,2026-03-31 00:00:00,2026-03-31,0.0,2026.0,1.0,319200000.0,638400000.0,638400000.0,False,-0.5,unrecorded_basis_change
HON,diluted_shares,quarterly,2025-12-31 00:00:00,,,,,319300000.0,,,,,q4_not_filed
HON,diluted_shares,quarterly,2025-09-30 00:00:00,2025-09-30,0.0,2025.0,3.0,319400000.0,638800000.0,638800000.0,False,-0.5,unrecorded_basis_change
HON,diluted_shares,quarterly,2025-06-30 00:00:00,2025-06-30,0.0,2025.0,2.0,320500000.0,320500000.0,640900000.0,False,0.0,match
HON,eps_diluted,annual,2025-12-31 00:00:00,2025-12-31,0.0,2025.0,,14.72,7.36,7.36,True,1.0,unrecorded_basis_change
HON,eps_diluted,annual,2024-12-31 00:00:00,2024-12-31,0.0,2024.0,,17.42,8.71,8.71,True,1.0,unrecorded_basis_change
HON,eps_diluted,annual,2023-12-31 00:00:00,2023-12-31,0.0,2023.0,,16.94,8.47,8.47,True,1.0,unrecorded_basis_change
HON,eps_diluted,annual,2022-12-31 00:00:00,2022-12-31,0.0,2022.0,,14.54,7.27,7.27,True,1.0,unrecorded_basis_change
HON,eps_diluted,quarterly,2026-06-30 00:00:00,2026-06-30,0.0,2026.0,2.0,17.83,17.83,17.83,False,0.0,match
HON,eps_diluted,quarterly,2026-03-31 00:00:00,2026-03-31,0.0,2026.0,1.0,2.58,1.29,1.29,False,1.0,unrecorded_basis_change
HON,eps_diluted,quarterly,2025-12-31 00:00:00,2025-12-31,0.0,2025.0,4.0,0.92,-0.18,-0.18,False,6.111111111111112,unexplained
HON,eps_diluted,quarterly,2025-09-30 00:00:00,2025-09-30,0.0,2025.0,3.0,5.72,2.86,2.86,False,1.0,unrecorded_basis_change
HON,eps_diluted,quarterly,2025-06-30 00:00:00,2025-06-30,0.0,2025.0,2.0,4.9,4.9,2.45,False,0.0,match
HON,net_income,annual,2025-12-31 00:00:00,2025-12-31,0.0,2025.0,,4729000000.0,4729000000.0,4729000000.0,True,0.0,match
HON,net_income,annual,2024-12-31 00:00:00,2024-12-31,0.0,2024.0,,5705000000.0,5705000000.0,5705000000.0,True,0.0,match
HON,net_income,annual,2023-12-31 00:00:00,2023-12-31,0.0,2023.0,,5658000000.0,5658000000.0,5658000000.0,True,0.0,match
HON,net_income,annual,2022-12-31 00:00:00,2022-12-31,0.0,2022.0,,4966000000.0,4966000000.0,4966000000.0,True,0.0,match
HON,net_income,quarterly,2026-06-30 00:00:00,2026-06-30,0.0,2026.0,2.0,5682000000.0,5682000000.0,5682000000.0,False,0.0,match
HON,net_income,quarterly,2026-03-31 00:00:00,2026-03-31,0.0,2026.0,1.0,821000000.0,821000000.0,821000000.0,False,0.0,match
HON,net_income,quarterly,2025-12-31 00:00:00,2025-12-31,0.0,2025.0,4.0,-115000000.0,-115000000.0,-115000000.0,False,0.0,match
HON,net_income,quarterly,2025-09-30 00:00:00,2025-09-30,0.0,2025.0,3.0,1825000000.0,1825000000.0,1825000000.0,False,0.0,match
HON,net_income,quarterly,2025-06-30 00:00:00,2025-06-30,0.0,2025.0,2.0,1570000000.0,1570000000.0,1570000000.0,False,0.0,match
HON,operating_income,annual,2025-12-31 00:00:00,2025-12-31,0.0,2025.0,,6567000000.0,8127000000.0,8127000000.0,True,-0.19195275009228496,unexplained
HON,operating_income,annual,2024-12-31 00:00:00,2024-12-31,0.0,2024.0,,6668000000.0,7667000000.0,8699000000.0,True,-0.13029868266597106,unexplained
HON,operating_income,annual,2023-12-31 00:00:00,2023-12-31,0.0,2023.0,,6110000000.0,7563000000.0,8598000000.0,True,-0.19211952928731985,unexplained
HON,operating_income,annual,2022-12-31 00:00:00,2022-12-31,0.0,2022.0,,6427000000.0,8022000000.0,8022000000.0,True,-0.1988282223884318,unexplained
HON,operating_income,quarterly,2026-06-30 00:00:00,2026-06-30,0.0,2026.0,2.0,1785000000.0,2240000000.0,2240000000.0,False,-0.203125,unexplained
HON,operating_income,quarterly,2026-03-31 00:00:00,2026-03-31,0.0,2026.0,1.0,1737000000.0,2129000000.0,2129000000.0,False,-0.18412400187881633,unexplained
HON,operating_income,quarterly,2025-12-31 00:00:00,2025-12-31,0.0,2025.0,4.0,714000000.0,1096000000.0,1096000000.0,True,-0.34854014598540145,unexplained
HON,operating_income,quarterly,2025-09-30 00:00:00,2025-09-30,0.0,2025.0,3.0,1754000000.0,2407000000.0,2407000000.0,False,-0.271292064810968,unexplained
HON,operating_income,quarterly,2025-06-30 00:00:00,2025-06-30,0.0,2025.0,2.0,1843000000.0,2128000000.0,2366000000.0,False,-0.13392857142857142,unexplained
HON,revenue,annual,2025-12-31 00:00:00,2025-12-31,0.0,2025.0,,37442000000.0,37442000000.0,37442000000.0,True,0.0,match
HON,revenue,annual,2024-12-31 00:00:00,2024-12-31,0.0,2024.0,,34717000000.0,34717000000.0,38498000000.0,True,0.0,match
HON,revenue,annual,2023-12-31 00:00:00,2023-12-31,0.0,2023.0,,33009000000.0,33009000000.0,36662000000.0,True,0.0,match
HON,revenue,annual,2022-12-31 00:00:00,2022-12-31,0.0,2022.0,,35466000000.0,35466000000.0,35466000000.0,True,0.0,match
HON,revenue,quarterly,2026-06-30 00:00:00,2026-06-30,0.0,2026.0,2.0,9719000000.0,9719000000.0,9719000000.0,False,0.0,match
HON,revenue,quarterly,2026-03-31 00:00:00,2026-03-31,0.0,2026.0,1.0,9143000000.0,9143000000.0,9143000000.0,False,0.0,match
HON,revenue,quarterly,2025-12-31 00:00:00,2025-12-31,0.0,2025.0,4.0,6860000000.0,9758000000.0,9758000000.0,False,-0.296987087517934,unexplained
HON,revenue,quarterly,2025-09-30 00:00:00,2025-09-30,0.0,2025.0,3.0,10408000000.0,9437000000.0,10408000000.0,False,0.10289286849634417,matches_first_reported
HON,revenue,quarterly,2025-06-30 00:00:00,2025-06-30,0.0,2025.0,2.0,9322000000.0,9322000000.0,10352000000.0,False,0.0,match
IBM,diluted_shares,annual,2025-12-31 00:00:00,2025-12-31,0.0,2025.0,,948675228.0,948675228.0,948675228.0,True,0.0,match
IBM,diluted_shares,annual,2024-12-31 00:00:00,2024-12-31,0.0,2024.0,,937161224.0,937161224.0,937161224.0,True,0.0,match
IBM,diluted_shares,annual,2023-12-31 00:00:00,2023-12-31,0.0,2023.0,,922100000.0,922073828.0,922073828.0,True,2.8383844335727097e-05,match
IBM,diluted_shares,annual,2022-12-31 00:00:00,2022-12-31,0.0,2022.0,,912269062.0,912269062.0,912269062.0,True,0.0,match
IBM,diluted_shares,quarterly,2026-06-30 00:00:00,2026-06-30,0.0,2026.0,2.0,953263534.0,953263534.0,953263534.0,False,0.0,match
IBM,diluted_shares,quarterly,2026-03-31 00:00:00,2026-03-31,0.0,2026.0,1.0,952100000.0,952131057.0,952131057.0,False,-3.261840874916446e-05,match
IBM,diluted_shares,quarterly,2025-12-31 00:00:00,,,,,952400000.0,,,,,q4_not_filed
IBM,diluted_shares,quarterly,2025-09-30 00:00:00,2025-09-30,0.0,2025.0,3.0,948931026.0,948931026.0,948931026.0,False,0.0,match
IBM,diluted_shares,quarterly,2025-06-30 00:00:00,2025-06-30,0.0,2025.0,2.0,947961917.0,947961917.0,947961917.0,False,0.0,match
IBM,eps_diluted,annual,2025-12-31 00:00:00,2025-12-31,0.0,2025.0,,11.17,11.17,11.17,True,0.0,match
IBM,eps_diluted,annual,2024-12-31 00:00:00,2024-12-31,0.0,2024.0,,6.43,6.43,6.43,True,0.0,match
IBM,eps_diluted,annual,2023-12-31 00:00:00,2023-12-31,0.0,2023.0,,8.14,8.14,8.14,True,0.0,match
IBM,eps_diluted,annual,2022-12-31 00:00:00,2022-12-31,0.0,2022.0,,1.8,1.8,1.8,True,0.0,match
IBM,eps_diluted,quarterly,2026-06-30 00:00:00,2026-06-30,0.0,2026.0,2.0,2.27,2.27,2.27,False,0.0,match
IBM,eps_diluted,quarterly,2026-03-31 00:00:00,2026-03-31,0.0,2026.0,1.0,1.28,1.28,1.28,False,0.0,match
IBM,eps_diluted,quarterly,2025-12-31 00:00:00,,,,,5.88,,,,,q4_not_filed
IBM,eps_diluted,quarterly,2025-09-30 00:00:00,2025-09-30,0.0,2025.0,3.0,1.84,1.84,1.84,False,0.0,match
IBM,eps_diluted,quarterly,2025-06-30 00:00:00,2025-06-30,0.0,2025.0,2.0,2.31,2.31,2.31,False,0.0,match
IBM,net_income,annual,2025-12-31 00:00:00,2025-12-31,0.0,2025.0,,10593000000.0,10593000000.0,10593000000.0,True,0.0,match
IBM,net_income,annual,2024-12-31 00:00:00,2024-12-31,0.0,2024.0,,6023000000.0,6023000000.0,6023000000.0,True,0.0,match
IBM,net_income,annual,2023-12-31 00:00:00,2023-12-31,0.0,2023.0,,7502000000.0,7502000000.0,7502000000.0,True,0.0,match
IBM,net_income,annual,2022-12-31 00:00:00,2022-12-31,0.0,2022.0,,1640000000.0,1639000000.0,1639000000.0,True,0.0006101281269066504,match
IBM,net_income,quarterly,2026-06-30 00:00:00,2026-06-30,0.0,2026.0,2.0,2165000000.0,2165000000.0,2165000000.0,False,0.0,match
IBM,net_income,quarterly,2026-03-31 00:00:00,2026-03-31,0.0,2026.0,1.0,1216000000.0,1216000000.0,1216000000.0,False,0.0,match
IBM,net_income,quarterly,2025-12-31 00:00:00,2025-12-31,0.0,2025.0,4.0,5600000000.0,5600000000.0,5600000000.0,True,0.0,match
IBM,net_income,quarterly,2025-09-30 00:00:00,2025-09-30,0.0,2025.0,3.0,1744000000.0,1744000000.0,1744000000.0,False,0.0,match
IBM,net_income,quarterly,2025-06-30 00:00:00,2025-06-30,0.0,2025.0,2.0,2194000000.0,2194000000.0,2194000000.0,False,0.0,match
IBM,operating_income,annual,2025-12-31 00:00:00,,,,,12492000000.0,,,,,vendor_only_metric
IBM,operating_income,annual,2024-12-31 00:00:00,,,,,10074000000.0,,,,,vendor_only_metric
IBM,operating_income,annual,2023-12-31 00:00:00,,,,,9382000000.0,,,,,vendor_only_metric
IBM,operating_income,annual,2022-12-31 00:00:00,,,,,8174000000.0,,,,,vendor_only_metric
IBM,operating_income,quarterly,2026-06-30 00:00:00,,,,,2845000000.0,,,,,vendor_only_metric
IBM,operating_income,quarterly,2026-03-31 00:00:00,,,,,2219000000.0,,,,,vendor_only_metric
IBM,operating_income,quarterly,2025-12-31 00:00:00,,,,,4849000000.0,,,,,vendor_only_metric
IBM,operating_income,quarterly,2025-09-30 00:00:00,,,,,2792000000.0,,,,,vendor_only_metric
IBM,operating_income,quarterly,2025-06-30 00:00:00,,,,,3086000000.0,,,,,vendor_only_metric
IBM,revenue,annual,2025-12-31 00:00:00,2025-12-31,0.0,2025.0,,67536000000.0,67535000000.0,67535000000.0,True,1.4807137040053305e-05,match
IBM,revenue,annual,2024-12-31 00:00:00,2024-12-31,0.0,2024.0,,62753000000.0,62753000000.0,62753000000.0,True,0.0,match
IBM,revenue,annual,2023-12-31 00:00:00,2023-12-31,0.0,2023.0,,61860000000.0,61860000000.0,61860000000.0,True,0.0,match
IBM,revenue,annual,2022-12-31 00:00:00,2022-12-31,0.0,2022.0,,60530000000.0,60530000000.0,60530000000.0,True,0.0,match
IBM,revenue,quarterly,2026-06-30 00:00:00,2026-06-30,0.0,2026.0,2.0,17162000000.0,17162000000.0,17162000000.0,False,0.0,match
IBM,revenue,quarterly,2026-03-31 00:00:00,2026-03-31,0.0,2026.0,1.0,15917000000.0,15917000000.0,15917000000.0,False,0.0,match
IBM,revenue,quarterly,2025-12-31 00:00:00,2025-12-31,0.0,2025.0,4.0,19687000000.0,19686000000.0,19686000000.0,True,5.079752108097125e-05,match
IBM,revenue,quarterly,2025-09-30 00:00:00,2025-09-30,0.0,2025.0,3.0,16331000000.0,16331000000.0,16331000000.0,False,0.0,match
IBM,revenue,quarterly,2025-06-30 00:00:00,2025-06-30,0.0,2025.0,2.0,16977000000.0,16977000000.0,16977000000.0,False,0.0,match
JNJ,diluted_shares,annual,2025-12-31 00:00:00,2025-12-28,3.0,2025.0,,2429400000.0,2429400000.0,2429400000.0,True,0.0,match
JNJ,diluted_shares,annual,2024-12-31 00:00:00,2024-12-29,2.0,2024.0,,2429400000.0,2429400000.0,2429400000.0,True,0.0,match
JNJ,diluted_shares,annual,2023-12-31 00:00:00,2023-12-31,0.0,2023.0,,2560400000.0,2560400000.0,2560400000.0,True,0.0,match
JNJ,diluted_shares,annual,2022-12-31 00:00:00,2023-01-01,-1.0,2022.0,,2663900000.0,2663900000.0,2663900000.0,True,0.0,match
JNJ,diluted_shares,quarterly,2026-06-30 00:00:00,2026-06-28,2.0,2026.0,2.0,2440100000.0,2440100000.0,2440100000.0,False,0.0,match
JNJ,diluted_shares,quarterly,2026-03-31 00:00:00,2026-03-29,2.0,2026.0,1.0,2445200000.0,2445200000.0,2445200000.0,False,0.0,match
JNJ,diluted_shares,quarterly,2025-12-31 00:00:00,,,,,2439000000.0,,,,,q4_not_filed
JNJ,diluted_shares,quarterly,2025-09-30 00:00:00,2025-09-28,2.0,2025.0,3.0,2428600000.0,2428600000.0,2428600000.0,False,0.0,match
JNJ,diluted_shares,quarterly,2025-06-30 00:00:00,2025-06-29,1.0,2025.0,2.0,2419100000.0,2419100000.0,2419100000.0,False,0.0,match
JNJ,eps_diluted,annual,2025-12-31 00:00:00,2025-12-28,3.0,2025.0,,11.03,11.03,11.03,True,0.0,match
JNJ,eps_diluted,annual,2024-12-31 00:00:00,2024-12-29,2.0,2024.0,,5.79,5.79,5.79,True,0.0,match
JNJ,eps_diluted,annual,2023-12-31 00:00:00,2023-12-31,0.0,2023.0,,13.72,13.72,13.72,True,0.0,match
JNJ,eps_diluted,annual,2022-12-31 00:00:00,2023-01-01,-1.0,2022.0,,6.73,6.73,6.73,True,0.0,match
JNJ,eps_diluted,quarterly,2026-06-30 00:00:00,2026-06-28,2.0,2026.0,2.0,2.27,2.27,2.27,False,0.0,match
JNJ,eps_diluted,quarterly,2026-03-31 00:00:00,2026-03-29,2.0,2026.0,1.0,2.14,2.14,2.14,False,0.0,match
JNJ,eps_diluted,quarterly,2025-12-31 00:00:00,,,,,2.1,,,,,q4_not_filed
JNJ,eps_diluted,quarterly,2025-09-30 00:00:00,2025-09-28,2.0,2025.0,3.0,2.12,2.12,2.12,False,0.0,match
JNJ,eps_diluted,quarterly,2025-06-30 00:00:00,2025-06-29,1.0,2025.0,2.0,2.29,2.29,2.29,False,0.0,match
JNJ,net_income,annual,2025-12-31 00:00:00,2025-12-28,3.0,2025.0,,26804000000.0,26804000000.0,26804000000.0,True,0.0,match
JNJ,net_income,annual,2024-12-31 00:00:00,2024-12-29,2.0,2024.0,,14066000000.0,14066000000.0,14066000000.0,True,0.0,match
JNJ,net_income,annual,2023-12-31 00:00:00,2023-12-31,0.0,2023.0,,35153000000.0,35153000000.0,35153000000.0,True,0.0,match
JNJ,net_income,annual,2022-12-31 00:00:00,2023-01-01,-1.0,2022.0,,17941000000.0,17941000000.0,17941000000.0,True,0.0,match
JNJ,net_income,quarterly,2026-06-30 00:00:00,2026-06-28,2.0,2026.0,2.0,5534000000.0,5534000000.0,5534000000.0,False,0.0,match
JNJ,net_income,quarterly,2026-03-31 00:00:00,2026-03-29,2.0,2026.0,1.0,5235000000.0,5235000000.0,5235000000.0,False,0.0,match
JNJ,net_income,quarterly,2025-12-31 00:00:00,2025-12-28,3.0,2025.0,4.0,5116000000.0,5116000000.0,5116000000.0,True,0.0,match
JNJ,net_income,quarterly,2025-09-30 00:00:00,2025-09-28,2.0,2025.0,3.0,5152000000.0,5152000000.0,5152000000.0,False,0.0,match
JNJ,net_income,quarterly,2025-06-30 00:00:00,2025-06-29,1.0,2025.0,2.0,5537000000.0,5537000000.0,5537000000.0,False,0.0,match
JNJ,operating_income,annual,2025-12-31 00:00:00,,,,,25596000000.0,,,,,missing_in_sec
JNJ,operating_income,annual,2024-12-31 00:00:00,,,,,21249000000.0,,,,,missing_in_sec
JNJ,operating_income,annual,2023-12-31 00:00:00,,,,,22009000000.0,,,,,missing_in_sec
JNJ,operating_income,annual,2022-12-31 00:00:00,,,,,21013000000.0,,,,,missing_in_sec
JNJ,operating_income,quarterly,2026-06-30 00:00:00,,,,,7174000000.0,,,,,missing_in_sec
JNJ,operating_income,quarterly,2026-03-31 00:00:00,,,,,6395000000.0,,,,,missing_in_sec
JNJ,operating_income,quarterly,2025-12-31 00:00:00,,,,,5591000000.0,,,,,q4_not_filed
JNJ,operating_income,quarterly,2025-09-30 00:00:00,,,,,7096000000.0,,,,,missing_in_sec
JNJ,operating_income,quarterly,2025-06-30 00:00:00,,,,,6710000000.0,,,,,missing_in_sec
JNJ,revenue,annual,2025-12-31 00:00:00,2025-12-28,3.0,2025.0,,94193000000.0,94193000000.0,94193000000.0,True,0.0,match
JNJ,revenue,annual,2024-12-31 00:00:00,2024-12-29,2.0,2024.0,,88821000000.0,88821000000.0,88821000000.0,True,0.0,match
JNJ,revenue,annual,2023-12-31 00:00:00,2023-12-31,0.0,2023.0,,85159000000.0,85159000000.0,85159000000.0,True,0.0,match
JNJ,revenue,annual,2022-12-31 00:00:00,2023-01-01,-1.0,2022.0,,79990000000.0,79990000000.0,94943000000.0,True,0.0,match
JNJ,revenue,quarterly,2026-06-30 00:00:00,2026-06-28,2.0,2026.0,2.0,25310000000.0,25310000000.0,25310000000.0,False,0.0,match
JNJ,revenue,quarterly,2026-03-31 00:00:00,2026-03-29,2.0,2026.0,1.0,24062000000.0,24062000000.0,24062000000.0,False,0.0,match
JNJ,revenue,quarterly,2025-12-31 00:00:00,2025-12-28,3.0,2025.0,4.0,24564000000.0,24564000000.0,24564000000.0,True,0.0,match
JNJ,revenue,quarterly,2025-09-30 00:00:00,2025-09-28,2.0,2025.0,3.0,23993000000.0,23993000000.0,23993000000.0,False,0.0,match
JNJ,revenue,quarterly,2025-06-30 00:00:00,2025-06-29,1.0,2025.0,2.0,23743000000.0,23743000000.0,23743000000.0,False,0.0,match
JPM,diluted_shares,annual,2025-12-31 00:00:00,2025-12-31,0.0,2025.0,,2781500000.0,2781500000.0,2781500000.0,True,0.0,match
JPM,diluted_shares,annual,2024-12-31 00:00:00,2024-12-31,0.0,2024.0,,2879000000.0,2879000000.0,2879000000.0,True,0.0,match
JPM,diluted_shares,annual,2023-12-31 00:00:00,2023-12-31,0.0,2023.0,,2943100000.0,2943100000.0,2943100000.0,True,0.0,match
JPM,diluted_shares,annual,2022-12-31 00:00:00,2022-12-31,0.0,2022.0,,2970000000.0,2970000000.0,2970000000.0,True,0.0,match
JPM,diluted_shares,quarterly,2026-06-30 00:00:00,2026-06-30,0.0,2026.0,2.0,2694200000.0,2694200000.0,2694200000.0,False,0.0,match
JPM,diluted_shares,quarterly,2026-03-31 00:00:00,2026-03-31,0.0,2026.0,1.0,2720200000.0,2720200000.0,2720200000.0,False,0.0,match
JPM,diluted_shares,quarterly,2025-12-31 00:00:00,,,,,2740500000.0,,,,,q4_not_filed
JPM,diluted_shares,quarterly,2025-09-30 00:00:00,2025-09-30,0.0,2025.0,3.0,2767600000.0,2767600000.0,2767600000.0,False,0.0,match
JPM,diluted_shares,quarterly,2025-06-30 00:00:00,2025-06-30,0.0,2025.0,2.0,2793700000.0,2793700000.0,2793700000.0,False,0.0,match
JPM,eps_diluted,annual,2025-12-31 00:00:00,2025-12-31,0.0,2025.0,,20.02,20.02,20.02,True,0.0,match
JPM,eps_diluted,annual,2024-12-31 00:00:00,2024-12-31,0.0,2024.0,,19.75,19.75,19.75,True,0.0,match
JPM,eps_diluted,annual,2023-12-31 00:00:00,2023-12-31,0.0,2023.0,,16.23,16.23,16.23,True,0.0,match
JPM,eps_diluted,annual,2022-12-31 00:00:00,2022-12-31,0.0,2022.0,,12.09,12.09,12.09,True,0.0,match
JPM,eps_diluted,quarterly,2026-06-30 00:00:00,2026-06-30,0.0,2026.0,2.0,7.7,7.7,7.7,False,0.0,match
JPM,eps_diluted,quarterly,2026-03-31 00:00:00,2026-03-31,0.0,2026.0,1.0,5.94,5.94,5.94,False,0.0,match
JPM,eps_diluted,quarterly,2025-12-31 00:00:00,,,,,4.63,,,,,q4_not_filed
JPM,eps_diluted,quarterly,2025-09-30 00:00:00,2025-09-30,0.0,2025.0,3.0,5.07,5.07,5.07,False,0.0,match
JPM,eps_diluted,quarterly,2025-06-30 00:00:00,2025-06-30,0.0,2025.0,2.0,5.24,5.24,5.24,False,0.0,match
JPM,net_income,annual,2025-12-31 00:00:00,2025-12-31,0.0,2025.0,,57048000000.0,57048000000.0,57048000000.0,True,0.0,match
JPM,net_income,annual,2024-12-31 00:00:00,2024-12-31,0.0,2024.0,,58471000000.0,58471000000.0,58471000000.0,True,0.0,match
JPM,net_income,annual,2023-12-31 00:00:00,2023-12-31,0.0,2023.0,,49552000000.0,49552000000.0,49552000000.0,True,0.0,match
JPM,net_income,annual,2022-12-31 00:00:00,2022-12-31,0.0,2022.0,,37676000000.0,37676000000.0,37676000000.0,True,0.0,match
JPM,net_income,quarterly,2026-06-30 00:00:00,2026-06-30,0.0,2026.0,2.0,21155000000.0,21155000000.0,21155000000.0,False,0.0,match
JPM,net_income,quarterly,2026-03-31 00:00:00,2026-03-31,0.0,2026.0,1.0,16494000000.0,16494000000.0,16494000000.0,False,0.0,match
JPM,net_income,quarterly,2025-12-31 00:00:00,2025-12-31,0.0,2025.0,4.0,13025000000.0,13025000000.0,13025000000.0,True,0.0,match
JPM,net_income,quarterly,2025-09-30 00:00:00,2025-09-30,0.0,2025.0,3.0,14393000000.0,14393000000.0,14393000000.0,False,0.0,match
JPM,net_income,quarterly,2025-06-30 00:00:00,2025-06-30,0.0,2025.0,2.0,14987000000.0,14987000000.0,14987000000.0,False,0.0,match
JPM,revenue,annual,2025-12-31 00:00:00,2025-12-31,0.0,2025.0,,181847000000.0,182447000000.0,182447000000.0,True,-0.003288626285989904,match
JPM,revenue,annual,2024-12-31 00:00:00,2024-12-31,0.0,2024.0,,169439000000.0,177556000000.0,177556000000.0,True,-0.045715154655432653,unexplained
JPM,revenue,annual,2023-12-31 00:00:00,2023-12-31,0.0,2023.0,,154952000000.0,158104000000.0,158104000000.0,True,-0.01993624449729292,unexplained
JPM,revenue,annual,2022-12-31 00:00:00,2022-12-31,0.0,2022.0,,127727000000.0,128695000000.0,128695000000.0,True,-0.007521659738140565,unexplained
JPM,revenue,quarterly,2026-06-30 00:00:00,2026-06-30,0.0,2026.0,2.0,52852000000.0,57347000000.0,57347000000.0,False,-0.07838247859521859,unexplained
JPM,revenue,quarterly,2026-03-31 00:00:00,2026-03-31,0.0,2026.0,1.0,49833000000.0,49836000000.0,49836000000.0,False,-6.019744762822056e-05,match
JPM,revenue,quarterly,2025-12-31 00:00:00,,,,,45796000000.0,,,,,q4_not_filed
JPM,revenue,quarterly,2025-09-30 00:00:00,2025-09-30,0.0,2025.0,3.0,46430000000.0,46427000000.0,46427000000.0,False,6.461757167165658e-05,match
JPM,revenue,quarterly,2025-06-30 00:00:00,2025-06-30,0.0,2025.0,2.0,44882000000.0,44912000000.0,44912000000.0,False,-0.0006679729248307802,match
KO,diluted_shares,annual,2025-12-31 00:00:00,2025-12-31,0.0,2025.0,,4313000000.0,4313000000.0,4313000000.0,True,0.0,match
KO,diluted_shares,annual,2024-12-31 00:00:00,2024-12-31,0.0,2024.0,,4320000000.0,4320000000.0,4320000000.0,True,0.0,match
KO,diluted_shares,annual,2023-12-31 00:00:00,2023-12-31,0.0,2023.0,,4339000000.0,4339000000.0,4339000000.0,True,0.0,match
KO,diluted_shares,annual,2022-12-31 00:00:00,2022-12-31,0.0,2022.0,,4350000000.0,4350000000.0,4350000000.0,True,0.0,match
KO,diluted_shares,quarterly,2026-06-30 00:00:00,,,,,4313000000.0,,,,,missing_in_sec
KO,diluted_shares,quarterly,2026-03-31 00:00:00,2026-04-03,-3.0,2026.0,1.0,4314000000.0,4314000000.0,4314000000.0,False,0.0,match
KO,diluted_shares,quarterly,2025-12-31 00:00:00,,,,,4313000000.0,,,,,q4_not_filed
KO,diluted_shares,quarterly,2025-09-30 00:00:00,2025-09-26,4.0,2025.0,3.0,4313000000.0,4313000000.0,4313000000.0,False,0.0,match
KO,diluted_shares,quarterly,2025-06-30 00:00:00,2025-06-27,3.0,2025.0,2.0,4315000000.0,4315000000.0,4315000000.0,False,0.0,match
KO,eps_diluted,annual,2025-12-31 00:00:00,2025-12-31,0.0,2025.0,,3.04,3.04,3.04,True,0.0,match
KO,eps_diluted,annual,2024-12-31 00:00:00,2024-12-31,0.0,2024.0,,2.46,2.46,2.46,True,0.0,match
KO,eps_diluted,annual,2023-12-31 00:00:00,2023-12-31,0.0,2023.0,,2.47,2.47,2.47,True,0.0,match
KO,eps_diluted,annual,2022-12-31 00:00:00,2022-12-31,0.0,2022.0,,2.19,2.19,2.19,True,0.0,match
KO,eps_diluted,quarterly,2026-06-30 00:00:00,,,,,1.03,,,,,missing_in_sec
KO,eps_diluted,quarterly,2026-03-31 00:00:00,2026-04-03,-3.0,2026.0,1.0,0.91,0.91,0.91,False,0.0,match
KO,eps_diluted,quarterly,2025-12-31 00:00:00,,,,,0.53,,,,,q4_not_filed
KO,eps_diluted,quarterly,2025-09-30 00:00:00,2025-09-26,4.0,2025.0,3.0,0.86,0.86,0.86,False,0.0,match
KO,eps_diluted,quarterly,2025-06-30 00:00:00,2025-06-27,3.0,2025.0,2.0,0.88,0.88,0.88,False,0.0,match
KO,net_income,annual,2025-12-31 00:00:00,2025-12-31,0.0,2025.0,,13107000000.0,13107000000.0,13107000000.0,True,0.0,match
KO,net_income,annual,2024-12-31 00:00:00,2024-12-31,0.0,2024.0,,10631000000.0,10631000000.0,10631000000.0,True,0.0,match
KO,net_income,annual,2023-12-31 00:00:00,2023-12-31,0.0,2023.0,,10714000000.0,10714000000.0,10714000000.0,True,0.0,match
KO,net_income,annual,2022-12-31 00:00:00,2022-12-31,0.0,2022.0,,9542000000.0,9542000000.0,9542000000.0,True,0.0,match
KO,net_income,quarterly,2026-06-30 00:00:00,,,,,4425000000.0,,,,,missing_in_sec
KO,net_income,quarterly,2026-03-31 00:00:00,2026-04-03,-3.0,2026.0,1.0,3924000000.0,3924000000.0,3924000000.0,False,0.0,match
KO,net_income,quarterly,2025-12-31 00:00:00,2025-12-31,0.0,2025.0,4.0,2271000000.0,2271000000.0,2271000000.0,True,0.0,match
KO,net_income,quarterly,2025-09-30 00:00:00,2025-09-26,4.0,2025.0,3.0,3696000000.0,3696000000.0,3696000000.0,False,0.0,match
KO,net_income,quarterly,2025-06-30 00:00:00,2025-06-27,3.0,2025.0,2.0,3810000000.0,3810000000.0,3810000000.0,False,0.0,match
KO,operating_income,annual,2025-12-31 00:00:00,2025-12-31,0.0,2025.0,,14911000000.0,13762000000.0,13762000000.0,True,0.08349077169016131,unexplained
KO,operating_income,annual,2024-12-31 00:00:00,2024-12-31,0.0,2024.0,,14022000000.0,9992000000.0,9992000000.0,True,0.4033226581265012,unexplained
KO,operating_income,annual,2023-12-31 00:00:00,2023-12-31,0.0,2023.0,,13098000000.0,11311000000.0,11311000000.0,True,0.15798779948722483,unexplained
KO,operating_income,annual,2022-12-31 00:00:00,2022-12-31,0.0,2022.0,,12042000000.0,10909000000.0,10909000000.0,True,0.1038591988266569,unexplained
KO,operating_income,quarterly,2026-06-30 00:00:00,,,,,4695000000.0,,,,,missing_in_sec
KO,operating_income,quarterly,2026-03-31 00:00:00,2026-04-03,-3.0,2026.0,1.0,4372000000.0,4359000000.0,4359000000.0,False,0.0029823353980270705,match
KO,operating_income,quarterly,2025-12-31 00:00:00,2025-12-31,0.0,2025.0,4.0,2862000000.0,1841000000.0,1841000000.0,True,0.55458989679522,unexplained
KO,operating_income,quarterly,2025-09-30 00:00:00,2025-09-26,4.0,2025.0,3.0,4012000000.0,3982000000.0,3982000000.0,False,0.007533902561526871,unexplained
KO,operating_income,quarterly,2025-06-30 00:00:00,2025-06-27,3.0,2025.0,2.0,4351000000.0,4280000000.0,4280000000.0,False,0.016588785046728973,unexplained
KO,revenue,annual,2025-12-31 00:00:00,2025-12-31,0.0,2025.0,,47941000000.0,47941000000.0,47941000000.0,True,0.0,match
KO,revenue,annual,2024-12-31 00:00:00,2024-12-31,0.0,2024.0,,47061000000.0,47061000000.0,47061000000.0,True,0.0,match
KO,revenue,annual,2023-12-31 00:00:00,2023-12-31,0.0,2023.0,,45754000000.0,45754000000.0,45754000000.0,True,0.0,match
KO,revenue,annual,2022-12-31 00:00:00,2022-12-31,0.0,2022.0,,43004000000.0,43004000000.0,43004000000.0,True,0.0,match
KO,revenue,quarterly,2026-06-30 00:00:00,,,,,13380000000.0,,,,,missing_in_sec
KO,revenue,quarterly,2026-03-31 00:00:00,2026-04-03,-3.0,2026.0,1.0,12472000000.0,12472000000.0,12472000000.0,False,0.0,match
KO,revenue,quarterly,2025-12-31 00:00:00,2025-12-31,0.0,2025.0,4.0,11822000000.0,11822000000.0,11822000000.0,True,0.0,match
KO,revenue,quarterly,2025-09-30 00:00:00,2025-09-26,4.0,2025.0,3.0,12455000000.0,12455000000.0,12455000000.0,False,0.0,match
KO,revenue,quarterly,2025-06-30 00:00:00,2025-06-27,3.0,2025.0,2.0,12535000000.0,12535000000.0,12535000000.0,False,0.0,match
LIN,diluted_shares,annual,2025-12-31 00:00:00,2025-12-31,0.0,2025.0,,472915000.0,472195000.0,472195000.0,True,0.0015247937822297991,match
LIN,diluted_shares,annual,2024-12-31 00:00:00,2024-12-31,0.0,2024.0,,482092000.0,482092000.0,482092000.0,True,0.0,match
LIN,diluted_shares,annual,2023-12-31 00:00:00,2023-12-31,0.0,2023.0,,492290000.0,492290000.0,492290000.0,True,0.0,match
LIN,diluted_shares,annual,2022-12-31 00:00:00,2022-12-31,0.0,2022.0,,504038000.0,504038000.0,504038000.0,True,0.0,match
LIN,diluted_shares,quarterly,2026-06-30 00:00:00,2026-06-30,0.0,2026.0,2.0,464523000.0,464523000.0,464523000.0,False,0.0,match
LIN,diluted_shares,quarterly,2026-03-31 00:00:00,2026-03-31,0.0,2026.0,1.0,466319000.0,466319000.0,466319000.0,False,0.0,match
LIN,diluted_shares,quarterly,2025-12-31 00:00:00,,,,,468702000.0,,,,,q4_not_filed
LIN,diluted_shares,quarterly,2025-09-30 00:00:00,2025-09-30,0.0,2025.0,3.0,471509000.0,471509000.0,471509000.0,False,0.0,match
LIN,diluted_shares,quarterly,2025-06-30 00:00:00,2025-06-30,0.0,2025.0,2.0,473573000.0,473573000.0,473573000.0,False,0.0,match
LIN,eps_diluted,annual,2025-12-31 00:00:00,2025-12-31,0.0,2025.0,,14.61,14.61,14.61,True,0.0,match
LIN,eps_diluted,annual,2024-12-31 00:00:00,2024-12-31,0.0,2024.0,,13.62,13.62,13.62,True,0.0,match
LIN,eps_diluted,annual,2023-12-31 00:00:00,2023-12-31,0.0,2023.0,,12.59,12.59,12.59,True,0.0,match
LIN,eps_diluted,annual,2022-12-31 00:00:00,2022-12-31,0.0,2022.0,,8.23,8.23,8.23,True,0.0,match
LIN,eps_diluted,quarterly,2026-06-30 00:00:00,2026-06-30,0.0,2026.0,2.0,4.15,4.15,4.15,False,0.0,match
LIN,eps_diluted,quarterly,2026-03-31 00:00:00,2026-03-31,0.0,2026.0,1.0,3.98,3.98,3.98,False,0.0,match
LIN,eps_diluted,quarterly,2025-12-31 00:00:00,,,,,3.26,,,,,q4_not_filed
LIN,eps_diluted,quarterly,2025-09-30 00:00:00,2025-09-30,0.0,2025.0,3.0,4.09,4.09,4.09,False,0.0,match
LIN,eps_diluted,quarterly,2025-06-30 00:00:00,2025-06-30,0.0,2025.0,2.0,3.73,3.73,3.73,False,0.0,match
LIN,net_income,annual,2025-12-31 00:00:00,2025-12-31,0.0,2025.0,,6898000000.0,6898000000.0,6898000000.0,True,0.0,match
LIN,net_income,annual,2024-12-31 00:00:00,2024-12-31,0.0,2024.0,,6565000000.0,6565000000.0,6565000000.0,True,0.0,match
LIN,net_income,annual,2023-12-31 00:00:00,2023-12-31,0.0,2023.0,,6199000000.0,6199000000.0,6199000000.0,True,0.0,match
LIN,net_income,annual,2022-12-31 00:00:00,2022-12-31,0.0,2022.0,,4147000000.0,4147000000.0,4147000000.0,True,0.0,match
LIN,net_income,quarterly,2026-06-30 00:00:00,2026-06-30,0.0,2026.0,2.0,1928000000.0,1928000000.0,1928000000.0,False,0.0,match
LIN,net_income,quarterly,2026-03-31 00:00:00,2026-03-31,0.0,2026.0,1.0,1857000000.0,1857000000.0,1857000000.0,False,0.0,match
LIN,net_income,quarterly,2025-12-31 00:00:00,2025-12-31,0.0,2025.0,4.0,1530000000.0,1530000000.0,1530000000.0,True,0.0,match
LIN,net_income,quarterly,2025-09-30 00:00:00,2025-09-30,0.0,2025.0,3.0,1929000000.0,1929000000.0,1929000000.0,False,0.0,match
LIN,net_income,quarterly,2025-06-30 00:00:00,2025-06-30,0.0,2025.0,2.0,1766000000.0,1766000000.0,1766000000.0,False,0.0,match
LIN,operating_income,annual,2025-12-31 00:00:00,2025-12-31,0.0,2025.0,,9254000000.0,8923000000.0,8923000000.0,True,0.037095147371960104,unexplained
LIN,operating_income,annual,2024-12-31 00:00:00,2024-12-31,0.0,2024.0,,8595000000.0,8635000000.0,8635000000.0,True,-0.004632310364794441,match
LIN,operating_income,annual,2023-12-31 00:00:00,2023-12-31,0.0,2023.0,,8105000000.0,8024000000.0,8024000000.0,True,0.010094715852442673,unexplained
LIN,operating_income,annual,2022-12-31 00:00:00,2022-12-31,0.0,2022.0,,6460000000.0,5369000000.0,5369000000.0,True,0.20320357608493203,unexplained
LIN,operating_income,quarterly,2026-06-30 00:00:00,2026-06-30,0.0,2026.0,2.0,2537000000.0,2554000000.0,2554000000.0,False,-0.006656225528582615,unexplained
LIN,operating_income,quarterly,2026-03-31 00:00:00,2026-03-31,0.0,2026.0,1.0,2376000000.0,2439000000.0,2439000000.0,False,-0.025830258302583026,unexplained
LIN,operating_income,quarterly,2025-12-31 00:00:00,2025-12-31,0.0,2025.0,4.0,2352000000.0,2018000000.0,2018000000.0,True,0.16551040634291378,unexplained
LIN,operating_income,quarterly,2025-09-30 00:00:00,2025-09-30,0.0,2025.0,3.0,2342000000.0,2367000000.0,2367000000.0,False,-0.010561892691170258,unexplained
LIN,operating_income,quarterly,2025-06-30 00:00:00,2025-06-30,0.0,2025.0,2.0,2339000000.0,2354000000.0,2354000000.0,False,-0.006372132540356839,unexplained
LIN,revenue,annual,2025-12-31 00:00:00,2025-12-31,0.0,2025.0,,33986000000.0,33986000000.0,33986000000.0,True,0.0,match
LIN,revenue,annual,2024-12-31 00:00:00,2024-12-31,0.0,2024.0,,33005000000.0,33005000000.0,33005000000.0,True,0.0,match
LIN,revenue,annual,2023-12-31 00:00:00,2023-12-31,0.0,2023.0,,32854000000.0,32854000000.0,32854000000.0,True,0.0,match
LIN,revenue,annual,2022-12-31 00:00:00,2022-12-31,0.0,2022.0,,33364000000.0,33364000000.0,33364000000.0,True,0.0,match
LIN,revenue,quarterly,2026-06-30 00:00:00,2026-06-30,0.0,2026.0,2.0,9289000000.0,9289000000.0,9289000000.0,False,0.0,match
LIN,revenue,quarterly,2026-03-31 00:00:00,2026-03-31,0.0,2026.0,1.0,8781000000.0,8781000000.0,8781000000.0,False,0.0,match
LIN,revenue,quarterly,2025-12-31 00:00:00,2025-12-31,0.0,2025.0,4.0,8764000000.0,8764000000.0,8764000000.0,True,0.0,match
LIN,revenue,quarterly,2025-09-30 00:00:00,2025-09-30,0.0,2025.0,3.0,8615000000.0,8615000000.0,8615000000.0,False,0.0,match
LIN,revenue,quarterly,2025-06-30 00:00:00,2025-06-30,0.0,2025.0,2.0,8495000000.0,8495000000.0,8495000000.0,False,0.0,match
META,diluted_shares,annual,2025-12-31 00:00:00,2025-12-31,0.0,2025.0,,2574000000.0,2574000000.0,2574000000.0,True,0.0,match
META,diluted_shares,annual,2024-12-31 00:00:00,2024-12-31,0.0,2024.0,,2614000000.0,2614000000.0,2614000000.0,True,0.0,match
META,diluted_shares,annual,2023-12-31 00:00:00,2023-12-31,0.0,2023.0,,2629000000.0,2629000000.0,2629000000.0,True,0.0,match
META,diluted_shares,annual,2022-12-31 00:00:00,2022-12-31,0.0,2022.0,,2702000000.0,2702000000.0,2702000000.0,True,0.0,match
META,diluted_shares,quarterly,2026-06-30 00:00:00,2026-06-30,0.0,2026.0,2.0,2566000000.0,2566000000.0,2566000000.0,False,0.0,match
META,diluted_shares,quarterly,2026-03-31 00:00:00,2026-03-31,0.0,2026.0,1.0,2564000000.0,2564000000.0,2564000000.0,False,0.0,match
META,diluted_shares,quarterly,2025-12-31 00:00:00,,,,,2565000000.0,,,,,q4_not_filed
META,diluted_shares,quarterly,2025-09-30 00:00:00,2025-09-30,0.0,2025.0,3.0,2572000000.0,2572000000.0,2572000000.0,False,0.0,match
META,diluted_shares,quarterly,2025-06-30 00:00:00,2025-06-30,0.0,2025.0,2.0,2570000000.0,2570000000.0,2570000000.0,False,0.0,match
META,eps_diluted,annual,2025-12-31 00:00:00,2025-12-31,0.0,2025.0,,23.49,23.49,23.49,True,0.0,match
META,eps_diluted,annual,2024-12-31 00:00:00,2024-12-31,0.0,2024.0,,23.86,23.86,23.86,True,0.0,match
META,eps_diluted,annual,2023-12-31 00:00:00,2023-12-31,0.0,2023.0,,14.87,14.87,14.87,True,0.0,match
META,eps_diluted,annual,2022-12-31 00:00:00,2022-12-31,0.0,2022.0,,8.59,8.59,8.59,True,0.0,match
META,eps_diluted,quarterly,2026-06-30 00:00:00,2026-06-30,0.0,2026.0,2.0,6.18,6.18,6.18,False,0.0,match
META,eps_diluted,quarterly,2026-03-31 00:00:00,2026-03-31,0.0,2026.0,1.0,10.44,10.44,10.44,False,0.0,match
META,eps_diluted,quarterly,2025-12-31 00:00:00,,,,,8.88,,,,,q4_not_filed
META,eps_diluted,quarterly,2025-09-30 00:00:00,2025-09-30,0.0,2025.0,3.0,1.05,1.05,1.05,False,0.0,match
META,eps_diluted,quarterly,2025-06-30 00:00:00,2025-06-30,0.0,2025.0,2.0,7.14,7.14,7.14,False,0.0,match
META,net_income,annual,2025-12-31 00:00:00,2025-12-31,0.0,2025.0,,60458000000.0,60458000000.0,60458000000.0,True,0.0,match
META,net_income,annual,2024-12-31 00:00:00,2024-12-31,0.0,2024.0,,62360000000.0,62360000000.0,62360000000.0,True,0.0,match
META,net_income,annual,2023-12-31 00:00:00,2023-12-31,0.0,2023.0,,39098000000.0,39098000000.0,39098000000.0,True,0.0,match
META,net_income,annual,2022-12-31 00:00:00,2022-12-31,0.0,2022.0,,23200000000.0,23200000000.0,23200000000.0,True,0.0,match
META,net_income,quarterly,2026-06-30 00:00:00,2026-06-30,0.0,2026.0,2.0,15848000000.0,15848000000.0,15848000000.0,False,0.0,match
META,net_income,quarterly,2026-03-31 00:00:00,2026-03-31,0.0,2026.0,1.0,26773000000.0,26773000000.0,26773000000.0,False,0.0,match
META,net_income,quarterly,2025-12-31 00:00:00,2025-12-31,0.0,2025.0,4.0,22768000000.0,22768000000.0,22768000000.0,True,0.0,match
META,net_income,quarterly,2025-09-30 00:00:00,2025-09-30,0.0,2025.0,3.0,2709000000.0,2709000000.0,2709000000.0,False,0.0,match
META,net_income,quarterly,2025-06-30 00:00:00,2025-06-30,0.0,2025.0,2.0,18337000000.0,18337000000.0,18337000000.0,False,0.0,match
META,operating_income,annual,2025-12-31 00:00:00,2025-12-31,0.0,2025.0,,83276000000.0,83276000000.0,83276000000.0,True,0.0,match
META,operating_income,annual,2024-12-31 00:00:00,2024-12-31,0.0,2024.0,,69380000000.0,69380000000.0,69380000000.0,True,0.0,match
META,operating_income,annual,2023-12-31 00:00:00,2023-12-31,0.0,2023.0,,46751000000.0,46751000000.0,46751000000.0,True,0.0,match
META,operating_income,annual,2022-12-31 00:00:00,2022-12-31,0.0,2022.0,,28944000000.0,28944000000.0,28944000000.0,True,0.0,match
META,operating_income,quarterly,2026-06-30 00:00:00,2026-06-30,0.0,2026.0,2.0,18775000000.0,18775000000.0,18775000000.0,False,0.0,match
META,operating_income,quarterly,2026-03-31 00:00:00,2026-03-31,0.0,2026.0,1.0,22872000000.0,22872000000.0,22872000000.0,False,0.0,match
META,operating_income,quarterly,2025-12-31 00:00:00,2025-12-31,0.0,2025.0,4.0,24745000000.0,24745000000.0,24745000000.0,True,0.0,match
META,operating_income,quarterly,2025-09-30 00:00:00,2025-09-30,0.0,2025.0,3.0,20535000000.0,20535000000.0,20535000000.0,False,0.0,match
META,operating_income,quarterly,2025-06-30 00:00:00,2025-06-30,0.0,2025.0,2.0,20441000000.0,20441000000.0,20441000000.0,False,0.0,match
META,revenue,annual,2025-12-31 00:00:00,2025-12-31,0.0,2025.0,,200966000000.0,200966000000.0,200966000000.0,True,0.0,match
META,revenue,annual,2024-12-31 00:00:00,2024-12-31,0.0,2024.0,,164501000000.0,164501000000.0,164501000000.0,True,0.0,match
META,revenue,annual,2023-12-31 00:00:00,2023-12-31,0.0,2023.0,,134902000000.0,134902000000.0,134902000000.0,True,0.0,match
META,revenue,annual,2022-12-31 00:00:00,2022-12-31,0.0,2022.0,,116609000000.0,116609000000.0,116609000000.0,True,0.0,match
META,revenue,quarterly,2026-06-30 00:00:00,2026-06-30,0.0,2026.0,2.0,60801000000.0,60801000000.0,60801000000.0,False,0.0,match
META,revenue,quarterly,2026-03-31 00:00:00,2026-03-31,0.0,2026.0,1.0,56311000000.0,56311000000.0,56311000000.0,False,0.0,match
META,revenue,quarterly,2025-12-31 00:00:00,2025-12-31,0.0,2025.0,4.0,59893000000.0,59893000000.0,59893000000.0,True,0.0,match
META,revenue,quarterly,2025-09-30 00:00:00,2025-09-30,0.0,2025.0,3.0,51242000000.0,51242000000.0,51242000000.0,False,0.0,match
META,revenue,quarterly,2025-06-30 00:00:00,2025-06-30,0.0,2025.0,2.0,47516000000.0,47516000000.0,47516000000.0,False,0.0,match
NEE,diluted_shares,annual,2025-12-31 00:00:00,2025-12-31,0.0,2025.0,,2083000000.0,2070600000.0,2070600000.0,True,0.005988602337486719,unexplained
NEE,diluted_shares,annual,2024-12-31 00:00:00,2024-12-31,0.0,2024.0,,2059000000.0,2059200000.0,2059200000.0,True,-9.712509712509713e-05,match
NEE,diluted_shares,annual,2023-12-31 00:00:00,2023-12-31,0.0,2023.0,,2031000000.0,2030800000.0,2030800000.0,True,9.848335631278314e-05,match
NEE,diluted_shares,annual,2022-12-31 00:00:00,2022-12-31,0.0,2022.0,,1987000000.0,1978600000.0,1978600000.0,True,0.004245426058829475,match
NEE,diluted_shares,quarterly,2026-06-30 00:00:00,,,,,2093000000.0,,,,,missing_in_sec
NEE,diluted_shares,quarterly,2026-03-31 00:00:00,2026-03-31,0.0,2026.0,1.0,2092000000.0,2092400000.0,2092400000.0,False,-0.00019116803670426305,match
NEE,diluted_shares,quarterly,2025-12-31 00:00:00,,,,,2089000000.0,,,,,q4_not_filed
NEE,diluted_shares,quarterly,2025-09-30 00:00:00,2025-09-30,0.0,2025.0,3.0,2070600000.0,2070600000.0,2070600000.0,False,0.0,match
NEE,diluted_shares,quarterly,2025-06-30 00:00:00,2025-06-30,0.0,2025.0,2.0,2061300000.0,2061300000.0,2061300000.0,False,0.0,match
NEE,eps_diluted,annual,2025-12-31 00:00:00,2025-12-31,0.0,2025.0,,3.281325,3.3,3.3,True,-0.005659090909090909,unexplained
NEE,eps_diluted,annual,2024-12-31 00:00:00,2024-12-31,0.0,2024.0,,3.37,3.37,3.37,True,0.0,match
NEE,eps_diluted,annual,2023-12-31 00:00:00,2023-12-31,0.0,2023.0,,3.599212,3.6,3.6,True,-0.00021888888888889192,match
NEE,eps_diluted,annual,2022-12-31 00:00:00,2022-12-31,0.0,2022.0,,2.087066,2.1,2.1,True,-0.0061590476190476195,unexplained
NEE,eps_diluted,quarterly,2026-06-30 00:00:00,,,,,1.5,,,,,missing_in_sec
NEE,eps_diluted,quarterly,2026-03-31 00:00:00,2026-03-31,0.0,2026.0,1.0,1.04,1.04,1.04,False,0.0,match
NEE,eps_diluted,quarterly,2025-12-31 00:00:00,,,,,0.73,,,,,q4_not_filed
NEE,eps_diluted,quarterly,2025-09-30 00:00:00,2025-09-30,0.0,2025.0,3.0,1.18,1.18,1.18,False,0.0,match
NEE,eps_diluted,quarterly,2025-06-30 00:00:00,2025-06-30,0.0,2025.0,2.0,0.98,0.98,0.98,False,0.0,match
NEE,net_income,annual,2025-12-31 00:00:00,2025-12-31,0.0,2025.0,,6835000000.0,6835000000.0,6835000000.0,True,0.0,match
NEE,net_income,annual,2024-12-31 00:00:00,2024-12-31,0.0,2024.0,,6946000000.0,6946000000.0,6946000000.0,True,0.0,match
NEE,net_income,annual,2023-12-31 00:00:00,2023-12-31,0.0,2023.0,,7310000000.0,7310000000.0,7310000000.0,True,0.0,match
NEE,net_income,annual,2022-12-31 00:00:00,2022-12-31,0.0,2022.0,,4147000000.0,4147000000.0,4147000000.0,True,0.0,match
NEE,net_income,quarterly,2026-06-30 00:00:00,,,,,3144000000.0,,,,,missing_in_sec
NEE,net_income,quarterly,2026-03-31 00:00:00,2026-03-31,0.0,2026.0,1.0,2182000000.0,2182000000.0,2182000000.0,False,0.0,match
NEE,net_income,quarterly,2025-12-31 00:00:00,2025-12-31,0.0,2025.0,4.0,1535000000.0,1535000000.0,1535000000.0,True,0.0,match
NEE,net_income,quarterly,2025-09-30 00:00:00,2025-09-30,0.0,2025.0,3.0,2438000000.0,2438000000.0,2438000000.0,False,0.0,match
NEE,net_income,quarterly,2025-06-30 00:00:00,2025-06-30,0.0,2025.0,2.0,2028000000.0,2028000000.0,2028000000.0,False,0.0,match
NEE,operating_income,annual,2025-12-31 00:00:00,2025-12-31,0.0,2025.0,,8020000000.0,8280000000.0,8280000000.0,True,-0.03140096618357488,unexplained
NEE,operating_income,annual,2024-12-31 00:00:00,2024-12-31,0.0,2024.0,,7127000000.0,7479000000.0,7479000000.0,True,-0.04706511565717342,unexplained
NEE,operating_income,annual,2023-12-31 00:00:00,2023-12-31,0.0,2023.0,,9832000000.0,10237000000.0,10237000000.0,True,-0.03956237178860995,unexplained
NEE,operating_income,annual,2022-12-31 00:00:00,2022-12-31,0.0,2022.0,,3559000000.0,4081000000.0,4081000000.0,True,-0.12790982602303358,unexplained
NEE,operating_income,quarterly,2026-06-30 00:00:00,,,,,2277000000.0,,,,,missing_in_sec
NEE,operating_income,quarterly,2026-03-31 00:00:00,2026-03-31,0.0,2026.0,1.0,1951000000.0,2208000000.0,2208000000.0,False,-0.11639492753623189,unexplained
NEE,operating_income,quarterly,2025-12-31 00:00:00,2025-12-31,0.0,2025.0,4.0,1523000000.0,1586000000.0,1586000000.0,True,-0.03972257250945776,unexplained
NEE,operating_income,quarterly,2025-09-30 00:00:00,2025-09-30,0.0,2025.0,3.0,2384000000.0,2527000000.0,2527000000.0,False,-0.056588840522358526,unexplained
NEE,operating_income,quarterly,2025-06-30 00:00:00,2025-06-30,0.0,2025.0,2.0,1893000000.0,1911000000.0,1911000000.0,False,-0.009419152276295133,unexplained
NEE,revenue,annual,2025-12-31 00:00:00,2025-12-31,0.0,2025.0,,27412000000.0,27412000000.0,27412000000.0,True,0.0,match
NEE,revenue,annual,2024-12-31 00:00:00,2024-12-31,0.0,2024.0,,24753000000.0,24753000000.0,24753000000.0,True,0.0,match
NEE,revenue,annual,2023-12-31 00:00:00,2023-12-31,0.0,2023.0,,28114000000.0,28114000000.0,28114000000.0,True,0.0,match
NEE,revenue,annual,2022-12-31 00:00:00,2022-12-31,0.0,2022.0,,20956000000.0,20956000000.0,20956000000.0,True,0.0,match
NEE,revenue,quarterly,2026-06-30 00:00:00,,,,,7534000000.0,,,,,missing_in_sec
NEE,revenue,quarterly,2026-03-31 00:00:00,2026-03-31,0.0,2026.0,1.0,6701000000.0,6701000000.0,6701000000.0,False,0.0,match
NEE,revenue,quarterly,2025-12-31 00:00:00,2025-12-31,0.0,2025.0,4.0,6500000000.0,6500000000.0,6500000000.0,True,0.0,match
NEE,revenue,quarterly,2025-09-30 00:00:00,2025-09-30,0.0,2025.0,3.0,7966000000.0,7966000000.0,7966000000.0,False,0.0,match
NEE,revenue,quarterly,2025-06-30 00:00:00,2025-06-30,0.0,2025.0,2.0,6700000000.0,6700000000.0,6700000000.0,False,0.0,match
NFLX,diluted_shares,annual,2025-12-31 00:00:00,2025-12-31,0.0,2025.0,,4343863000.0,4343863000.0,4343863000.0,True,0.0,match
NFLX,diluted_shares,annual,2024-12-31 00:00:00,2024-12-31,0.0,2024.0,,4392610000.0,4392608000.0,439261000.0,True,4.553103759770961e-07,match
NFLX,diluted_shares,annual,2023-12-31 00:00:00,2023-12-31,0.0,2023.0,,4494980000.0,4494966000.0,449498000.0,True,3.114595305059037e-06,match
NFLX,diluted_shares,annual,2022-12-31 00:00:00,2022-12-31,0.0,2022.0,,4512900000.0,451290000.0,451290000.0,True,9.0,split_basis
NFLX,diluted_shares,quarterly,2026-06-30 00:00:00,2026-06-30,0.0,2026.0,2.0,4261300000.0,4261300000.0,4261300000.0,False,0.0,match
NFLX,diluted_shares,quarterly,2026-03-31 00:00:00,2026-03-31,0.0,2026.0,1.0,4298437000.0,4298437000.0,4298437000.0,False,0.0,match
NFLX,diluted_shares,quarterly,2025-12-31 00:00:00,,,,,4317144000.0,,,,,q4_not_filed
NFLX,diluted_shares,quarterly,2025-09-30 00:00:00,2025-09-30,0.0,2025.0,3.0,4340390000.0,434039000.0,434039000.0,False,9.0,split_basis
NFLX,diluted_shares,quarterly,2025-06-30 00:00:00,2025-06-30,0.0,2025.0,2.0,4348830000.0,4348825000.0,434883000.0,False,1.1497358481888786e-06,match
NFLX,eps_diluted,annual,2025-12-31 00:00:00,2025-12-31,0.0,2025.0,,2.53,2.53,2.53,True,0.0,match
NFLX,eps_diluted,annual,2024-12-31 00:00:00,2024-12-31,0.0,2024.0,,1.983,1.98,19.83,True,0.0015151515151515726,match
NFLX,eps_diluted,annual,2023-12-31 00:00:00,2023-12-31,0.0,2023.0,,1.203,1.2,12.03,True,0.002500000000000095,match
NFLX,eps_diluted,annual,2022-12-31 00:00:00,2022-12-31,0.0,2022.0,,0.995,9.95,9.95,True,-0.9,split_basis
NFLX,eps_diluted,quarterly,2026-06-30 00:00:00,2026-06-30,0.0,2026.0,2.0,0.8,0.8,0.8,False,0.0,match
NFLX,eps_diluted,quarterly,2026-03-31 00:00:00,2026-03-31,0.0,2026.0,1.0,1.23,1.23,1.23,False,0.0,match
NFLX,eps_diluted,quarterly,2025-12-31 00:00:00,,,,,0.56,,,,,q4_not_filed
NFLX,eps_diluted,quarterly,2025-09-30 00:00:00,2025-09-30,0.0,2025.0,3.0,0.587,5.87,5.87,False,-0.9,split_basis
NFLX,eps_diluted,quarterly,2025-06-30 00:00:00,2025-06-30,0.0,2025.0,2.0,0.719,0.72,7.19,False,-0.0013888888888888902,match
NFLX,net_income,annual,2025-12-31 00:00:00,2025-12-31,0.0,2025.0,,10981201000.0,10981201000.0,10981201000.0,True,0.0,match
NFLX,net_income,annual,2024-12-31 00:00:00,2024-12-31,0.0,2024.0,,8711631000.0,8711631000.0,8711631000.0,True,0.0,match
NFLX,net_income,annual,2023-12-31 00:00:00,2023-12-31,0.0,2023.0,,5407990000.0,5407990000.0,5407990000.0,True,0.0,match
NFLX,net_income,annual,2022-12-31 00:00:00,2022-12-31,0.0,2022.0,,4491924000.0,4491924000.0,4491924000.0,True,0.0,match
NFLX,net_income,quarterly,2026-06-30 00:00:00,2026-06-30,0.0,2026.0,2.0,3401414000.0,3401414000.0,3401414000.0,False,0.0,match
NFLX,net_income,quarterly,2026-03-31 00:00:00,2026-03-31,0.0,2026.0,1.0,5282791000.0,5282791000.0,5282791000.0,False,0.0,match
NFLX,net_income,quarterly,2025-12-31 00:00:00,2025-12-31,0.0,2025.0,4.0,2418521000.0,2418521000.0,2418521000.0,True,0.0,match
NFLX,net_income,quarterly,2025-09-30 00:00:00,2025-09-30,0.0,2025.0,3.0,2546916000.0,2546916000.0,2546916000.0,False,0.0,match
NFLX,net_income,quarterly,2025-06-30 00:00:00,2025-06-30,0.0,2025.0,2.0,3125413000.0,3125413000.0,3125413000.0,False,0.0,match
NFLX,operating_income,annual,2025-12-31 00:00:00,2025-12-31,0.0,2025.0,,13326603000.0,13326603000.0,13326603000.0,True,0.0,match
NFLX,operating_income,annual,2024-12-31 00:00:00,2024-12-31,0.0,2024.0,,10417614000.0,10417614000.0,10417614000.0,True,0.0,match
NFLX,operating_income,annual,2023-12-31 00:00:00,2023-12-31,0.0,2023.0,,6954003000.0,6954003000.0,6954003000.0,True,0.0,match
NFLX,operating_income,annual,2022-12-31 00:00:00,2022-12-31,0.0,2022.0,,5632831000.0,5632831000.0,5632831000.0,True,0.0,match
NFLX,operating_income,quarterly,2026-06-30 00:00:00,2026-06-30,0.0,2026.0,2.0,4192610000.0,4192610000.0,4192610000.0,False,0.0,match
NFLX,operating_income,quarterly,2026-03-31 00:00:00,2026-03-31,0.0,2026.0,1.0,3956997000.0,3956997000.0,3956997000.0,False,0.0,match
NFLX,operating_income,quarterly,2025-12-31 00:00:00,2025-12-31,0.0,2025.0,4.0,2956663000.0,2956663000.0,2956663000.0,True,0.0,match
NFLX,operating_income,quarterly,2025-09-30 00:00:00,2025-09-30,0.0,2025.0,3.0,3248247000.0,3248247000.0,3248247000.0,False,0.0,match
NFLX,operating_income,quarterly,2025-06-30 00:00:00,2025-06-30,0.0,2025.0,2.0,3774694000.0,3774694000.0,3774694000.0,False,0.0,match
NFLX,revenue,annual,2025-12-31 00:00:00,2025-12-31,0.0,2025.0,,45183036000.0,45183036000.0,45183036000.0,True,0.0,match
NFLX,revenue,annual,2024-12-31 00:00:00,2024-12-31,0.0,2024.0,,39000966000.0,39000966000.0,39000966000.0,True,0.0,match
NFLX,revenue,annual,2023-12-31 00:00:00,2023-12-31,0.0,2023.0,,33723297000.0,33723297000.0,33723297000.0,True,0.0,match
NFLX,revenue,annual,2022-12-31 00:00:00,2022-12-31,0.0,2022.0,,31615550000.0,31615550000.0,31615550000.0,True,0.0,match
NFLX,revenue,quarterly,2026-06-30 00:00:00,2026-06-30,0.0,2026.0,2.0,12559938000.0,12559938000.0,12559938000.0,False,0.0,match
NFLX,revenue,quarterly,2026-03-31 00:00:00,2026-03-31,0.0,2026.0,1.0,12249757000.0,12249757000.0,12249757000.0,False,0.0,match
NFLX,revenue,quarterly,2025-12-31 00:00:00,2025-12-31,0.0,2025.0,4.0,12050762000.0,12050762000.0,12050762000.0,True,0.0,match
NFLX,revenue,quarterly,2025-09-30 00:00:00,2025-09-30,0.0,2025.0,3.0,11510307000.0,11510307000.0,11510307000.0,False,0.0,match
NFLX,revenue,quarterly,2025-06-30 00:00:00,2025-06-30,0.0,2025.0,2.0,11079166000.0,11079166000.0,11079166000.0,False,0.0,match
NKE,diluted_shares,annual,2026-05-31 00:00:00,2026-05-31,0.0,2026.0,,1481000000.0,1481000000.0,1481000000.0,True,0.0,match
NKE,diluted_shares,annual,2025-05-31 00:00:00,2025-05-31,0.0,2025.0,,1487600000.0,1487600000.0,1487600000.0,True,0.0,match
NKE,diluted_shares,annual,2024-05-31 00:00:00,2024-05-31,0.0,2024.0,,1529700000.0,1529700000.0,1529700000.0,True,0.0,match
NKE,diluted_shares,annual,2023-05-31 00:00:00,2023-05-31,0.0,2023.0,,1569800000.0,1569800000.0,1569800000.0,True,0.0,match
NKE,diluted_shares,quarterly,2026-05-31 00:00:00,,,,,1482900000.0,,,,,q4_not_filed
NKE,diluted_shares,quarterly,2026-02-28 00:00:00,2026-02-28,0.0,2026.0,3.0,1481600000.0,1481600000.0,1481600000.0,False,0.0,match
NKE,diluted_shares,quarterly,2025-11-30 00:00:00,2025-11-30,0.0,2026.0,2.0,1481000000.0,1481000000.0,1481000000.0,False,0.0,match
NKE,diluted_shares,quarterly,2025-08-31 00:00:00,2025-08-31,0.0,2026.0,1.0,1479000000.0,1479000000.0,1479000000.0,False,0.0,match
NKE,diluted_shares,quarterly,2025-05-31 00:00:00,,,,,1477700000.0,,,,,q4_not_filed
NKE,eps_diluted,annual,2026-05-31 00:00:00,2026-05-31,0.0,2026.0,,2.1,2.1,2.1,True,0.0,match
NKE,eps_diluted,annual,2025-05-31 00:00:00,2025-05-31,0.0,2025.0,,2.16,2.16,2.16,True,0.0,match
NKE,eps_diluted,annual,2024-05-31 00:00:00,2024-05-31,0.0,2024.0,,3.73,3.73,3.73,True,0.0,match
NKE,eps_diluted,annual,2023-05-31 00:00:00,2023-05-31,0.0,2023.0,,3.23,3.23,3.23,True,0.0,match
NKE,eps_diluted,quarterly,2026-05-31 00:00:00,,,,,0.72,,,,,q4_not_filed
NKE,eps_diluted,quarterly,2026-02-28 00:00:00,2026-02-28,0.0,2026.0,3.0,0.35,0.35,0.35,False,0.0,match
NKE,eps_diluted,quarterly,2025-11-30 00:00:00,2025-11-30,0.0,2026.0,2.0,0.53,0.53,0.53,False,0.0,match
NKE,eps_diluted,quarterly,2025-08-31 00:00:00,2025-08-31,0.0,2026.0,1.0,0.49,0.49,0.49,False,0.0,match
NKE,eps_diluted,quarterly,2025-05-31 00:00:00,,,,,0.14,,,,,q4_not_filed
NKE,net_income,annual,2026-05-31 00:00:00,2026-05-31,0.0,2026.0,,3108000000.0,3108000000.0,3108000000.0,True,0.0,match
NKE,net_income,annual,2025-05-31 00:00:00,2025-05-31,0.0,2025.0,,3219000000.0,3219000000.0,3219000000.0,True,0.0,match
NKE,net_income,annual,2024-05-31 00:00:00,2024-05-31,0.0,2024.0,,5700000000.0,5700000000.0,5700000000.0,True,0.0,match
NKE,net_income,annual,2023-05-31 00:00:00,2023-05-31,0.0,2023.0,,5070000000.0,5070000000.0,5070000000.0,True,0.0,match
NKE,net_income,quarterly,2026-05-31 00:00:00,2026-05-31,0.0,2026.0,4.0,1069000000.0,1069000000.0,1069000000.0,True,0.0,match
NKE,net_income,quarterly,2026-02-28 00:00:00,2026-02-28,0.0,2026.0,3.0,520000000.0,520000000.0,520000000.0,False,0.0,match
NKE,net_income,quarterly,2025-11-30 00:00:00,2025-11-30,0.0,2026.0,2.0,792000000.0,792000000.0,792000000.0,False,0.0,match
NKE,net_income,quarterly,2025-08-31 00:00:00,2025-08-31,0.0,2026.0,1.0,727000000.0,727000000.0,727000000.0,False,0.0,match
NKE,net_income,quarterly,2025-05-31 00:00:00,2025-05-31,0.0,2025.0,4.0,211000000.0,211000000.0,211000000.0,True,0.0,match
NKE,operating_income,annual,2026-05-31 00:00:00,,,,,3797000000.0,,,,,vendor_only_metric
NKE,operating_income,annual,2025-05-31 00:00:00,,,,,3702000000.0,,,,,vendor_only_metric
NKE,operating_income,annual,2024-05-31 00:00:00,,,,,6311000000.0,,,,,vendor_only_metric
NKE,operating_income,annual,2023-05-31 00:00:00,,,,,5915000000.0,,,,,vendor_only_metric
NKE,operating_income,quarterly,2026-05-31 00:00:00,,,,,1311000000.0,,,,,vendor_only_metric
NKE,operating_income,quarterly,2026-02-28 00:00:00,,,,,553000000.0,,,,,vendor_only_metric
NKE,operating_income,quarterly,2025-11-30 00:00:00,,,,,1006000000.0,,,,,vendor_only_metric
NKE,operating_income,quarterly,2025-08-31 00:00:00,,,,,927000000.0,,,,,vendor_only_metric
NKE,operating_income,quarterly,2025-05-31 00:00:00,,,,,321000000.0,,,,,vendor_only_metric
NKE,revenue,annual,2026-05-31 00:00:00,2026-05-31,0.0,2026.0,,46398000000.0,46398000000.0,46398000000.0,True,0.0,match
NKE,revenue,annual,2025-05-31 00:00:00,2025-05-31,0.0,2025.0,,46309000000.0,46309000000.0,46309000000.0,True,0.0,match
NKE,revenue,annual,2024-05-31 00:00:00,2024-05-31,0.0,2024.0,,51362000000.0,51362000000.0,51362000000.0,True,0.0,match
NKE,revenue,annual,2023-05-31 00:00:00,2023-05-31,0.0,2023.0,,51217000000.0,51217000000.0,51217000000.0,True,0.0,match
NKE,revenue,quarterly,2026-05-31 00:00:00,2026-05-31,0.0,2026.0,4.0,10972000000.0,10972000000.0,10972000000.0,True,0.0,match
NKE,revenue,quarterly,2026-02-28 00:00:00,2026-02-28,0.0,2026.0,3.0,11279000000.0,11279000000.0,11279000000.0,False,0.0,match
NKE,revenue,quarterly,2025-11-30 00:00:00,2025-11-30,0.0,2026.0,2.0,12427000000.0,12427000000.0,12427000000.0,False,0.0,match
NKE,revenue,quarterly,2025-08-31 00:00:00,2025-08-31,0.0,2026.0,1.0,11720000000.0,11720000000.0,11720000000.0,False,0.0,match
NKE,revenue,quarterly,2025-05-31 00:00:00,2025-05-31,0.0,2025.0,4.0,11097000000.0,11097000000.0,11097000000.0,True,0.0,match
NVDA,diluted_shares,annual,2026-01-31 00:00:00,2026-01-25,6.0,2026.0,,24514000000.0,24514000000.0,24514000000.0,True,0.0,match
NVDA,diluted_shares,annual,2025-01-31 00:00:00,2025-01-26,5.0,2025.0,,24804000000.0,24804000000.0,24804000000.0,True,0.0,match
NVDA,diluted_shares,annual,2024-01-31 00:00:00,2024-01-28,3.0,2024.0,,24940000000.0,24940000000.0,2494000000.0,True,0.0,match
NVDA,diluted_shares,annual,2023-01-31 00:00:00,2023-01-29,2.0,2023.0,,25070000000.0,25070000000.0,2507000000.0,True,0.0,match
NVDA,diluted_shares,quarterly,2026-07-31 00:00:00,2026-07-26,5.0,2027.0,2.0,24285000000.0,24285000000.0,24285000000.0,False,0.0,match
NVDA,diluted_shares,quarterly,2026-04-30 00:00:00,2026-04-26,4.0,2027.0,1.0,24391000000.0,24391000000.0,24391000000.0,False,0.0,match
NVDA,diluted_shares,quarterly,2026-01-31 00:00:00,,,,,24432000000.0,,,,,q4_not_filed
NVDA,diluted_shares,quarterly,2025-10-31 00:00:00,2025-10-26,5.0,2026.0,3.0,24483000000.0,24483000000.0,24483000000.0,False,0.0,match
NVDA,diluted_shares,quarterly,2025-07-31 00:00:00,2025-07-27,4.0,2026.0,2.0,24532000000.0,24532000000.0,24532000000.0,False,0.0,match
NVDA,eps_diluted,annual,2026-01-31 00:00:00,2026-01-25,6.0,2026.0,,4.9,4.9,4.9,True,0.0,match
NVDA,eps_diluted,annual,2025-01-31 00:00:00,2025-01-26,5.0,2025.0,,2.94,2.94,2.94,True,0.0,match
NVDA,eps_diluted,annual,2024-01-31 00:00:00,2024-01-28,3.0,2024.0,,1.19,1.19,11.93,True,0.0,match
NVDA,eps_diluted,annual,2023-01-31 00:00:00,2023-01-29,2.0,2023.0,,0.174,0.17,1.74,True,0.02352941176470574,match
NVDA,eps_diluted,quarterly,2026-07-31 00:00:00,2026-07-26,5.0,2027.0,2.0,2.46,2.46,2.46,False,0.0,match
NVDA,eps_diluted,quarterly,2026-04-30 00:00:00,2026-04-26,4.0,2027.0,1.0,2.39,2.39,2.39,False,0.0,match
NVDA,eps_diluted,quarterly,2026-01-31 00:00:00,,,,,1.76,,,,,q4_not_filed
NVDA,eps_diluted,quarterly,2025-10-31 00:00:00,2025-10-26,5.0,2026.0,3.0,1.3,1.3,1.3,False,0.0,match
NVDA,eps_diluted,quarterly,2025-07-31 00:00:00,2025-07-27,4.0,2026.0,2.0,1.08,1.08,1.08,False,0.0,match
NVDA,net_income,annual,2026-01-31 00:00:00,2026-01-25,6.0,2026.0,,120067000000.0,120067000000.0,120067000000.0,True,0.0,match
NVDA,net_income,annual,2025-01-31 00:00:00,2025-01-26,5.0,2025.0,,72880000000.0,72880000000.0,72880000000.0,True,0.0,match
NVDA,net_income,annual,2024-01-31 00:00:00,2024-01-28,3.0,2024.0,,29760000000.0,29760000000.0,29760000000.0,True,0.0,match
NVDA,net_income,annual,2023-01-31 00:00:00,2023-01-29,2.0,2023.0,,4368000000.0,4368000000.0,4368000000.0,True,0.0,match
NVDA,net_income,quarterly,2026-07-31 00:00:00,2026-07-26,5.0,2027.0,2.0,59688000000.0,59688000000.0,59688000000.0,False,0.0,match
NVDA,net_income,quarterly,2026-04-30 00:00:00,2026-04-26,4.0,2027.0,1.0,58321000000.0,58321000000.0,58321000000.0,False,0.0,match
NVDA,net_income,quarterly,2026-01-31 00:00:00,2026-01-25,6.0,2026.0,4.0,42960000000.0,42960000000.0,42960000000.0,True,0.0,match
NVDA,net_income,quarterly,2025-10-31 00:00:00,2025-10-26,5.0,2026.0,3.0,31910000000.0,31910000000.0,31910000000.0,False,0.0,match
NVDA,net_income,quarterly,2025-07-31 00:00:00,2025-07-27,4.0,2026.0,2.0,26422000000.0,26422000000.0,26422000000.0,False,0.0,match
NVDA,operating_income,annual,2026-01-31 00:00:00,2026-01-25,6.0,2026.0,,130387000000.0,130387000000.0,130387000000.0,True,0.0,match
NVDA,operating_income,annual,2025-01-31 00:00:00,2025-01-26,5.0,2025.0,,81453000000.0,81453000000.0,81453000000.0,True,0.0,match
NVDA,operating_income,annual,2024-01-31 00:00:00,2024-01-28,3.0,2024.0,,32972000000.0,32972000000.0,32972000000.0,True,0.0,match
NVDA,operating_income,annual,2023-01-31 00:00:00,2023-01-29,2.0,2023.0,,5577000000.0,4224000000.0,4224000000.0,True,0.3203125,unexplained
NVDA,operating_income,quarterly,2026-07-31 00:00:00,2026-07-26,5.0,2027.0,2.0,63734000000.0,63734000000.0,63734000000.0,False,0.0,match
NVDA,operating_income,quarterly,2026-04-30 00:00:00,2026-04-26,4.0,2027.0,1.0,53536000000.0,53536000000.0,53536000000.0,False,0.0,match
NVDA,operating_income,quarterly,2026-01-31 00:00:00,2026-01-25,6.0,2026.0,4.0,44299000000.0,44299000000.0,44299000000.0,True,0.0,match
NVDA,operating_income,quarterly,2025-10-31 00:00:00,2025-10-26,5.0,2026.0,3.0,36010000000.0,36010000000.0,36010000000.0,False,0.0,match
NVDA,operating_income,quarterly,2025-07-31 00:00:00,2025-07-27,4.0,2026.0,2.0,28440000000.0,28440000000.0,28440000000.0,False,0.0,match
NVDA,revenue,annual,2026-01-31 00:00:00,2026-01-25,6.0,2026.0,,215938000000.0,215938000000.0,215938000000.0,True,0.0,match
NVDA,revenue,annual,2025-01-31 00:00:00,2025-01-26,5.0,2025.0,,130497000000.0,130497000000.0,130497000000.0,True,0.0,match
NVDA,revenue,annual,2024-01-31 00:00:00,2024-01-28,3.0,2024.0,,60922000000.0,60922000000.0,60922000000.0,True,0.0,match
NVDA,revenue,annual,2023-01-31 00:00:00,2023-01-29,2.0,2023.0,,26974000000.0,26974000000.0,26974000000.0,True,0.0,match
NVDA,revenue,quarterly,2026-07-31 00:00:00,2026-07-26,5.0,2027.0,2.0,96221000000.0,96221000000.0,96221000000.0,False,0.0,match
NVDA,revenue,quarterly,2026-04-30 00:00:00,2026-04-26,4.0,2027.0,1.0,81615000000.0,81615000000.0,81615000000.0,False,0.0,match
NVDA,revenue,quarterly,2026-01-31 00:00:00,2026-01-25,6.0,2026.0,4.0,68127000000.0,68127000000.0,68127000000.0,True,0.0,match
NVDA,revenue,quarterly,2025-10-31 00:00:00,2025-10-26,5.0,2026.0,3.0,57006000000.0,57006000000.0,57006000000.0,False,0.0,match
NVDA,revenue,quarterly,2025-07-31 00:00:00,2025-07-27,4.0,2026.0,2.0,46743000000.0,46743000000.0,46743000000.0,False,0.0,match
PFE,diluted_shares,annual,2025-12-31 00:00:00,2025-12-31,0.0,2025.0,,5713000000.0,5713000000.0,5713000000.0,True,0.0,match
PFE,diluted_shares,annual,2024-12-31 00:00:00,2024-12-31,0.0,2024.0,,5700000000.0,5700000000.0,5700000000.0,True,0.0,match
PFE,diluted_shares,annual,2023-12-31 00:00:00,2023-12-31,0.0,2023.0,,5709000000.0,5709000000.0,5709000000.0,True,0.0,match
PFE,diluted_shares,annual,2022-12-31 00:00:00,2022-12-31,0.0,2022.0,,5733000000.0,5733000000.0,5733000000.0,True,0.0,match
PFE,diluted_shares,quarterly,2026-06-30 00:00:00,2026-06-28,2.0,2026.0,2.0,5699000000.0,5699000000.0,5699000000.0,False,0.0,match
PFE,diluted_shares,quarterly,2026-03-31 00:00:00,2026-03-29,2.0,2026.0,1.0,5731000000.0,5731000000.0,5731000000.0,False,0.0,match
PFE,diluted_shares,quarterly,2025-12-31 00:00:00,,,,,5686000000.0,,,,,q4_not_filed
PFE,diluted_shares,quarterly,2025-09-30 00:00:00,2025-09-28,2.0,2025.0,3.0,5714000000.0,5714000000.0,5714000000.0,False,0.0,match
PFE,diluted_shares,quarterly,2025-06-30 00:00:00,2025-06-29,1.0,2025.0,2.0,5706000000.0,5706000000.0,5706000000.0,False,0.0,match
PFE,eps_diluted,annual,2025-12-31 00:00:00,2025-12-31,0.0,2025.0,,1.36,1.36,1.36,True,0.0,match
PFE,eps_diluted,annual,2024-12-31 00:00:00,2024-12-31,0.0,2024.0,,1.41,1.41,1.41,True,0.0,match
PFE,eps_diluted,annual,2023-12-31 00:00:00,2023-12-31,0.0,2023.0,,0.37,0.37,0.37,True,0.0,match
PFE,eps_diluted,annual,2022-12-31 00:00:00,2022-12-31,0.0,2022.0,,5.47,5.47,5.47,True,0.0,match
PFE,eps_diluted,quarterly,2026-06-30 00:00:00,2026-06-28,2.0,2026.0,2.0,-0.04,-0.04,-0.04,False,0.0,match
PFE,eps_diluted,quarterly,2026-03-31 00:00:00,2026-03-29,2.0,2026.0,1.0,0.47,0.47,0.47,False,0.0,match
PFE,eps_diluted,quarterly,2025-12-31 00:00:00,,,,,-0.29,,,,,q4_not_filed
PFE,eps_diluted,quarterly,2025-09-30 00:00:00,2025-09-28,2.0,2025.0,3.0,0.62,0.62,0.62,False,0.0,match
PFE,eps_diluted,quarterly,2025-06-30 00:00:00,2025-06-29,1.0,2025.0,2.0,0.51,0.51,0.51,False,0.0,match
PFE,net_income,annual,2025-12-31 00:00:00,2025-12-31,0.0,2025.0,,7771000000.0,7771000000.0,7771000000.0,True,0.0,match
PFE,net_income,annual,2024-12-31 00:00:00,2024-12-31,0.0,2024.0,,8031000000.0,8031000000.0,8031000000.0,True,0.0,match
PFE,net_income,annual,2023-12-31 00:00:00,2023-12-31,0.0,2023.0,,2119000000.0,2119000000.0,2119000000.0,True,0.0,match
PFE,net_income,annual,2022-12-31 00:00:00,2022-12-31,0.0,2022.0,,31372000000.0,31372000000.0,31372000000.0,True,0.0,match
PFE,net_income,quarterly,2026-06-30 00:00:00,2026-06-28,2.0,2026.0,2.0,-248000000.0,-248000000.0,-248000000.0,False,0.0,match
PFE,net_income,quarterly,2026-03-31 00:00:00,2026-03-29,2.0,2026.0,1.0,2687000000.0,2687000000.0,2687000000.0,False,0.0,match
PFE,net_income,quarterly,2025-12-31 00:00:00,2025-12-31,0.0,2025.0,4.0,-1648000000.0,-1648000000.0,-1648000000.0,True,0.0,match
PFE,net_income,quarterly,2025-09-30 00:00:00,2025-09-28,2.0,2025.0,3.0,3541000000.0,3541000000.0,3541000000.0,False,0.0,match
PFE,net_income,quarterly,2025-06-30 00:00:00,2025-06-29,1.0,2025.0,2.0,2910000000.0,2910000000.0,2910000000.0,False,0.0,match
PFE,operating_income,annual,2025-12-31 00:00:00,,,,,17407000000.0,,,,,vendor_only_metric
PFE,operating_income,annual,2024-12-31 00:00:00,,,,,14938000000.0,,,,,vendor_only_metric
PFE,operating_income,annual,2023-12-31 00:00:00,,,,,4417000000.0,,,,,vendor_only_metric
PFE,operating_income,annual,2022-12-31 00:00:00,,,,,38117000000.0,,,,,vendor_only_metric
PFE,operating_income,quarterly,2026-06-30 00:00:00,,,,,3537000000.0,,,,,vendor_only_metric
PFE,operating_income,quarterly,2026-03-31 00:00:00,,,,,4268000000.0,,,,,vendor_only_metric
PFE,operating_income,quarterly,2025-12-31 00:00:00,,,,,3687000000.0,,,,,vendor_only_metric
PFE,operating_income,quarterly,2025-09-30 00:00:00,,,,,5527000000.0,,,,,vendor_only_metric
PFE,operating_income,quarterly,2025-06-30 00:00:00,,,,,3767000000.0,,,,,vendor_only_metric
PFE,revenue,annual,2025-12-31 00:00:00,2025-12-31,0.0,2025.0,,62579000000.0,62579000000.0,62579000000.0,True,0.0,match
PFE,revenue,annual,2024-12-31 00:00:00,2024-12-31,0.0,2024.0,,63627000000.0,63627000000.0,63627000000.0,True,0.0,match
PFE,revenue,annual,2023-12-31 00:00:00,2023-12-31,0.0,2023.0,,59554000000.0,59553000000.0,58496000000.0,True,1.6791765318287912e-05,match
PFE,revenue,annual,2022-12-31 00:00:00,2022-12-31,0.0,2022.0,,101175000000.0,101175000000.0,100330000000.0,True,0.0,match
PFE,revenue,quarterly,2026-06-30 00:00:00,2026-06-28,2.0,2026.0,2.0,15034000000.0,15034000000.0,15034000000.0,False,0.0,match
PFE,revenue,quarterly,2026-03-31 00:00:00,2026-03-29,2.0,2026.0,1.0,14450000000.0,14451000000.0,14451000000.0,False,-6.919936336585703e-05,match
PFE,revenue,quarterly,2025-12-31 00:00:00,2025-12-31,0.0,2025.0,4.0,17557000000.0,17557000000.0,17557000000.0,True,0.0,match
PFE,revenue,quarterly,2025-09-30 00:00:00,2025-09-28,2.0,2025.0,3.0,16654000000.0,16654000000.0,16654000000.0,False,0.0,match
PFE,revenue,quarterly,2025-06-30 00:00:00,2025-06-29,1.0,2025.0,2.0,14653000000.0,14653000000.0,14653000000.0,False,0.0,match
PG,diluted_shares,annual,2026-06-30 00:00:00,2026-06-30,0.0,2026.0,,2422500000.0,2422500000.0,2422500000.0,True,0.0,match
PG,diluted_shares,annual,2025-06-30 00:00:00,2025-06-30,0.0,2025.0,,2454400000.0,2454400000.0,2454400000.0,True,0.0,match
PG,diluted_shares,annual,2024-06-30 00:00:00,2024-06-30,0.0,2024.0,,2471900000.0,2471900000.0,2471900000.0,True,0.0,match
PG,diluted_shares,annual,2023-06-30 00:00:00,2023-06-30,0.0,2023.0,,2483900000.0,2483900000.0,2483900000.0,True,0.0,match
PG,diluted_shares,quarterly,2026-06-30 00:00:00,,,,,2412700000.0,,,,,q4_not_filed
PG,diluted_shares,quarterly,2026-03-31 00:00:00,2026-03-31,0.0,2026.0,3.0,2416500000.0,2416500000.0,2416500000.0,False,0.0,match
PG,diluted_shares,quarterly,2025-12-31 00:00:00,2025-12-31,0.0,2026.0,2.0,2424000000.0,2424000000.0,2424000000.0,False,0.0,match
PG,diluted_shares,quarterly,2025-09-30 00:00:00,2025-09-30,0.0,2026.0,1.0,2436800000.0,2436800000.0,2436800000.0,False,0.0,match
PG,diluted_shares,quarterly,2025-06-30 00:00:00,,,,,2443800000.0,,,,,q4_not_filed
PG,eps_diluted,annual,2026-06-30 00:00:00,2026-06-30,0.0,2026.0,,6.62,6.62,6.62,True,0.0,match
PG,eps_diluted,annual,2025-06-30 00:00:00,2025-06-30,0.0,2025.0,,6.51,6.51,6.51,True,0.0,match
PG,eps_diluted,annual,2024-06-30 00:00:00,2024-06-30,0.0,2024.0,,6.02,6.02,6.02,True,0.0,match
PG,eps_diluted,annual,2023-06-30 00:00:00,2023-06-30,0.0,2023.0,,5.9,5.9,5.9,True,0.0,match
PG,eps_diluted,quarterly,2026-06-30 00:00:00,,,,,1.26,,,,,q4_not_filed
PG,eps_diluted,quarterly,2026-03-31 00:00:00,2026-03-31,0.0,2026.0,3.0,1.63,1.63,1.63,False,0.0,match
PG,eps_diluted,quarterly,2025-12-31 00:00:00,2025-12-31,0.0,2026.0,2.0,1.78,1.78,1.78,False,0.0,match
PG,eps_diluted,quarterly,2025-09-30 00:00:00,2025-09-30,0.0,2026.0,1.0,1.95,1.95,1.95,False,0.0,match
PG,eps_diluted,quarterly,2025-06-30 00:00:00,,,,,1.48,,,,,q4_not_filed
PG,net_income,annual,2026-06-30 00:00:00,2026-06-30,0.0,2026.0,,16046000000.0,16046000000.0,16046000000.0,True,0.0,match
PG,net_income,annual,2025-06-30 00:00:00,2025-06-30,0.0,2025.0,,15974000000.0,15974000000.0,15974000000.0,True,0.0,match
PG,net_income,annual,2024-06-30 00:00:00,2024-06-30,0.0,2024.0,,14879000000.0,14879000000.0,14879000000.0,True,0.0,match
PG,net_income,annual,2023-06-30 00:00:00,2023-06-30,0.0,2023.0,,14653000000.0,14653000000.0,14653000000.0,True,0.0,match
PG,net_income,quarterly,2026-06-30 00:00:00,2026-06-30,0.0,2026.0,4.0,3044000000.0,3044000000.0,3044000000.0,True,0.0,match
PG,net_income,quarterly,2026-03-31 00:00:00,2026-03-31,0.0,2026.0,3.0,3932000000.0,3932000000.0,3932000000.0,False,0.0,match
PG,net_income,quarterly,2025-12-31 00:00:00,2025-12-31,0.0,2026.0,2.0,4319000000.0,4319000000.0,4319000000.0,False,0.0,match
PG,net_income,quarterly,2025-09-30 00:00:00,2025-09-30,0.0,2026.0,1.0,4750000000.0,4750000000.0,4750000000.0,False,0.0,match
PG,net_income,quarterly,2025-06-30 00:00:00,2025-06-30,0.0,2025.0,4.0,3615000000.0,3615000000.0,3615000000.0,True,0.0,match
PG,operating_income,annual,2026-06-30 00:00:00,2026-06-30,0.0,2026.0,,19748000000.0,19748000000.0,19748000000.0,True,0.0,match
PG,operating_income,annual,2025-06-30 00:00:00,2025-06-30,0.0,2025.0,,20451000000.0,20451000000.0,20451000000.0,True,0.0,match
PG,operating_income,annual,2024-06-30 00:00:00,2024-06-30,0.0,2024.0,,19886000000.0,18545000000.0,18545000000.0,True,0.07231059584793745,unexplained
PG,operating_income,annual,2023-06-30 00:00:00,2023-06-30,0.0,2023.0,,18134000000.0,18134000000.0,18134000000.0,True,0.0,match
PG,operating_income,quarterly,2026-06-30 00:00:00,2026-06-30,0.0,2026.0,4.0,3950000000.0,3950000000.0,3950000000.0,True,0.0,match
PG,operating_income,quarterly,2026-03-31 00:00:00,2026-03-31,0.0,2026.0,3.0,4577000000.0,4576000000.0,4576000000.0,False,0.00021853146853146853,match
PG,operating_income,quarterly,2025-12-31 00:00:00,2025-12-31,0.0,2026.0,2.0,5366000000.0,5366000000.0,5366000000.0,False,0.0,match
PG,operating_income,quarterly,2025-09-30 00:00:00,2025-09-30,0.0,2026.0,1.0,5856000000.0,5856000000.0,5856000000.0,False,0.0,match
PG,operating_income,quarterly,2025-06-30 00:00:00,2025-06-30,0.0,2025.0,4.0,4354000000.0,4355000000.0,4355000000.0,True,-0.0002296211251435132,match
PG,revenue,annual,2026-06-30 00:00:00,2026-06-30,0.0,2026.0,,87032000000.0,87032000000.0,87032000000.0,True,0.0,match
PG,revenue,annual,2025-06-30 00:00:00,2025-06-30,0.0,2025.0,,84284000000.0,84284000000.0,84284000000.0,True,0.0,match
PG,revenue,annual,2024-06-30 00:00:00,2024-06-30,0.0,2024.0,,84039000000.0,84039000000.0,84039000000.0,True,0.0,match
PG,revenue,annual,2023-06-30 00:00:00,2023-06-30,0.0,2023.0,,82006000000.0,82006000000.0,82006000000.0,True,0.0,match
PG,revenue,quarterly,2026-06-30 00:00:00,2026-06-30,0.0,2026.0,4.0,21204000000.0,21204000000.0,21204000000.0,True,0.0,match
PG,revenue,quarterly,2026-03-31 00:00:00,2026-03-31,0.0,2026.0,3.0,21235000000.0,21235000000.0,21235000000.0,False,0.0,match
PG,revenue,quarterly,2025-12-31 00:00:00,2025-12-31,0.0,2026.0,2.0,22208000000.0,22208000000.0,22208000000.0,False,0.0,match
PG,revenue,quarterly,2025-09-30 00:00:00,2025-09-30,0.0,2026.0,1.0,22386000000.0,22386000000.0,22386000000.0,False,0.0,match
PG,revenue,quarterly,2025-06-30 00:00:00,2025-06-30,0.0,2025.0,4.0,20889000000.0,20889000000.0,20889000000.0,True,0.0,match
SHW,diluted_shares,annual,2025-12-31 00:00:00,2025-12-31,0.0,2025.0,,250400000.0,250400000.0,250400000.0,True,0.0,match
SHW,diluted_shares,annual,2024-12-31 00:00:00,2024-12-31,0.0,2024.0,,254100000.0,254100000.0,254100000.0,True,0.0,match
SHW,diluted_shares,annual,2023-12-31 00:00:00,2023-12-31,0.0,2023.0,,258300000.0,258300000.0,258300000.0,True,0.0,match
SHW,diluted_shares,annual,2022-12-31 00:00:00,2022-12-31,0.0,2022.0,,261800000.0,261800000.0,261800000.0,True,0.0,match
SHW,diluted_shares,quarterly,2026-06-30 00:00:00,2026-06-30,0.0,2026.0,2.0,246000000.0,246000000.0,246000000.0,False,0.0,match
SHW,diluted_shares,quarterly,2026-03-31 00:00:00,2026-03-31,0.0,2026.0,1.0,248100000.0,248100000.0,248100000.0,False,0.0,match
SHW,diluted_shares,quarterly,2025-12-31 00:00:00,,,,,248800000.0,,,,,q4_not_filed
SHW,diluted_shares,quarterly,2025-09-30 00:00:00,2025-09-30,0.0,2025.0,3.0,249000000.0,249000000.0,249000000.0,False,0.0,match
SHW,diluted_shares,quarterly,2025-06-30 00:00:00,2025-06-30,0.0,2025.0,2.0,251300000.0,251300000.0,251300000.0,False,0.0,match
SHW,eps_diluted,annual,2025-12-31 00:00:00,2025-12-31,0.0,2025.0,,10.26,10.26,10.26,True,0.0,match
SHW,eps_diluted,annual,2024-12-31 00:00:00,2024-12-31,0.0,2024.0,,10.55,10.55,10.55,True,0.0,match
SHW,eps_diluted,annual,2023-12-31 00:00:00,2023-12-31,0.0,2023.0,,9.25,9.25,9.25,True,0.0,match
SHW,eps_diluted,annual,2022-12-31 00:00:00,2022-12-31,0.0,2022.0,,7.72,7.72,7.72,True,0.0,match
SHW,eps_diluted,quarterly,2026-06-30 00:00:00,2026-06-30,0.0,2026.0,2.0,3.43,3.43,3.43,False,0.0,match
SHW,eps_diluted,quarterly,2026-03-31 00:00:00,2026-03-31,0.0,2026.0,1.0,2.15,2.15,2.15,False,0.0,match
SHW,eps_diluted,quarterly,2025-12-31 00:00:00,,,,,1.92,,,,,q4_not_filed
SHW,eps_diluted,quarterly,2025-09-30 00:00:00,2025-09-30,0.0,2025.0,3.0,3.35,3.35,3.35,False,0.0,match
SHW,eps_diluted,quarterly,2025-06-30 00:00:00,2025-06-30,0.0,2025.0,2.0,3.0,3.0,3.0,False,0.0,match
SHW,net_income,annual,2025-12-31 00:00:00,2025-12-31,0.0,2025.0,,2568500000.0,2568500000.0,2568500000.0,True,0.0,match
SHW,net_income,annual,2024-12-31 00:00:00,2024-12-31,0.0,2024.0,,2681400000.0,2681400000.0,2681400000.0,True,0.0,match
SHW,net_income,annual,2023-12-31 00:00:00,2023-12-31,0.0,2023.0,,2388800000.0,2388800000.0,2388800000.0,True,0.0,match
SHW,net_income,annual,2022-12-31 00:00:00,2022-12-31,0.0,2022.0,,2020100000.0,2020100000.0,2020100000.0,True,0.0,match
SHW,net_income,quarterly,2026-06-30 00:00:00,2026-06-30,0.0,2026.0,2.0,843600000.0,843600000.0,843600000.0,False,0.0,match
SHW,net_income,quarterly,2026-03-31 00:00:00,2026-03-31,0.0,2026.0,1.0,534700000.0,534700000.0,534700000.0,False,0.0,match
SHW,net_income,quarterly,2025-12-31 00:00:00,2025-12-31,0.0,2025.0,4.0,476800000.0,476800000.0,476800000.0,True,0.0,match
SHW,net_income,quarterly,2025-09-30 00:00:00,2025-09-30,0.0,2025.0,3.0,833100000.0,833100000.0,833100000.0,False,0.0,match
SHW,net_income,quarterly,2025-06-30 00:00:00,2025-06-30,0.0,2025.0,2.0,754700000.0,754700000.0,754700000.0,False,0.0,match
SHW,operating_income,annual,2025-12-31 00:00:00,,,,,3796700000.0,,,,,missing_in_sec
SHW,operating_income,annual,2024-12-31 00:00:00,,,,,3761900000.0,,,,,missing_in_sec
SHW,operating_income,annual,2023-12-31 00:00:00,2023-12-31,0.0,2023.0,,3606400000.0,4161700000.0,4161700000.0,True,-0.13343104981137516,unexplained
SHW,operating_income,annual,2022-12-31 00:00:00,2022-12-31,0.0,2022.0,,3000600000.0,3397200000.0,3397200000.0,True,-0.11674320028258565,unexplained
SHW,operating_income,quarterly,2026-06-30 00:00:00,,,,,1231000000.0,,,,,missing_in_sec
SHW,operating_income,quarterly,2026-03-31 00:00:00,,,,,802700000.0,,,,,missing_in_sec
SHW,operating_income,quarterly,2025-12-31 00:00:00,,,,,789700000.0,,,,,q4_not_filed
SHW,operating_income,quarterly,2025-09-30 00:00:00,,,,,1153600000.0,,,,,missing_in_sec
SHW,operating_income,quarterly,2025-06-30 00:00:00,,,,,1099100000.0,,,,,missing_in_sec
SHW,revenue,annual,2025-12-31 00:00:00,2025-12-31,0.0,2025.0,,23574300000.0,23574300000.0,23574300000.0,True,0.0,match
SHW,revenue,annual,2024-12-31 00:00:00,2024-12-31,0.0,2024.0,,23098500000.0,23098500000.0,23098500000.0,True,0.0,match
SHW,revenue,annual,2023-12-31 00:00:00,2023-12-31,0.0,2023.0,,23051900000.0,23051900000.0,23051900000.0,True,0.0,match
SHW,revenue,annual,2022-12-31 00:00:00,2022-12-31,0.0,2022.0,,22148900000.0,22148900000.0,22148900000.0,True,0.0,match
SHW,revenue,quarterly,2026-06-30 00:00:00,2026-06-30,0.0,2026.0,2.0,6789300000.0,6789300000.0,6789300000.0,False,0.0,match
SHW,revenue,quarterly,2026-03-31 00:00:00,2026-03-31,0.0,2026.0,1.0,5666900000.0,5666900000.0,5666900000.0,False,0.0,match
SHW,revenue,quarterly,2025-12-31 00:00:00,2025-12-31,0.0,2025.0,4.0,5595900000.0,5595900000.0,5595900000.0,True,0.0,match
SHW,revenue,quarterly,2025-09-30 00:00:00,2025-09-30,0.0,2025.0,3.0,6358200000.0,6358200000.0,6358200000.0,False,0.0,match
SHW,revenue,quarterly,2025-06-30 00:00:00,2025-06-30,0.0,2025.0,2.0,6314500000.0,6314500000.0,6314500000.0,False,0.0,match
SO,diluted_shares,annual,2025-12-31 00:00:00,2025-12-31,0.0,2025.0,,1107397959.0,1109000000.0,1109000000.0,True,-0.0014445816050495943,match
SO,diluted_shares,annual,2024-12-31 00:00:00,2024-12-31,0.0,2024.0,,1103007519.0,1102000000.0,1102000000.0,True,0.0009142640653357532,match
SO,diluted_shares,annual,2023-12-31 00:00:00,2023-12-31,0.0,2023.0,,1098000000.0,1098000000.0,1098000000.0,True,0.0,match
SO,diluted_shares,annual,2022-12-31 00:00:00,2022-12-31,0.0,2022.0,,1080981595.0,1081000000.0,1081000000.0,True,-1.70259019426457e-05,match
SO,diluted_shares,quarterly,2026-06-30 00:00:00,,,,,1141000000.0,,,,,missing_in_sec
SO,diluted_shares,quarterly,2026-03-31 00:00:00,2026-03-31,0.0,2026.0,1.0,1128000000.0,1128000000.0,1128000000.0,False,0.0,match
SO,diluted_shares,quarterly,2025-12-31 00:00:00,,,,,1109000000.0,,,,,q4_not_filed
SO,diluted_shares,quarterly,2025-09-30 00:00:00,2025-09-30,0.0,2025.0,3.0,1111038961.0,1110000000.0,1110000000.0,False,0.000936000900900901,match
SO,diluted_shares,quarterly,2025-06-30 00:00:00,2025-06-30,0.0,2025.0,2.0,1108000000.0,1108000000.0,1108000000.0,False,0.0,match
SO,eps_diluted,annual,2025-12-31 00:00:00,2025-12-31,0.0,2025.0,,3.92,3.92,3.92,True,0.0,match
SO,eps_diluted,annual,2024-12-31 00:00:00,2024-12-31,0.0,2024.0,,3.99,3.99,3.99,True,0.0,match
SO,eps_diluted,annual,2023-12-31 00:00:00,2023-12-31,0.0,2023.0,,3.62,3.62,3.62,True,0.0,match
SO,eps_diluted,annual,2022-12-31 00:00:00,2022-12-31,0.0,2022.0,,3.26,3.26,3.26,True,0.0,match
SO,eps_diluted,quarterly,2026-06-30 00:00:00,,,,,1.03,,,,,missing_in_sec
SO,eps_diluted,quarterly,2026-03-31 00:00:00,2026-03-31,0.0,2026.0,1.0,1.2,1.2,1.2,False,0.0,match
SO,eps_diluted,quarterly,2025-12-31 00:00:00,,,,,0.38,,,,,q4_not_filed
SO,eps_diluted,quarterly,2025-09-30 00:00:00,2025-09-30,0.0,2025.0,3.0,1.54,1.54,1.54,False,0.0,match
SO,eps_diluted,quarterly,2025-06-30 00:00:00,2025-06-30,0.0,2025.0,2.0,0.79,0.79,0.79,False,0.0,match
SO,net_income,annual,2025-12-31 00:00:00,2025-12-31,0.0,2025.0,,4341000000.0,4341000000.0,4341000000.0,True,0.0,match
SO,net_income,annual,2024-12-31 00:00:00,2024-12-31,0.0,2024.0,,4401000000.0,4401000000.0,4401000000.0,True,0.0,match
SO,net_income,annual,2023-12-31 00:00:00,2023-12-31,0.0,2023.0,,3976000000.0,3976000000.0,3976000000.0,True,0.0,match
SO,net_income,annual,2022-12-31 00:00:00,2022-12-31,0.0,2022.0,,3535000000.0,3524000000.0,3524000000.0,True,0.0031214528944381384,match
SO,net_income,quarterly,2026-06-30 00:00:00,,,,,1174000000.0,,,,,missing_in_sec
SO,net_income,quarterly,2026-03-31 00:00:00,2026-03-31,0.0,2026.0,1.0,1356000000.0,1356000000.0,1356000000.0,False,0.0,match
SO,net_income,quarterly,2025-12-31 00:00:00,2025-12-31,0.0,2025.0,4.0,416000000.0,416000000.0,416000000.0,True,0.0,match
SO,net_income,quarterly,2025-09-30 00:00:00,2025-09-30,0.0,2025.0,3.0,1711000000.0,1711000000.0,1711000000.0,False,0.0,match
SO,net_income,quarterly,2025-06-30 00:00:00,2025-06-30,0.0,2025.0,2.0,880000000.0,880000000.0,880000000.0,False,0.0,match
SO,operating_income,annual,2025-12-31 00:00:00,2025-12-31,0.0,2025.0,,7285000000.0,7285000000.0,7285000000.0,True,0.0,match
SO,operating_income,annual,2024-12-31 00:00:00,2024-12-31,0.0,2024.0,,7068000000.0,7068000000.0,7068000000.0,True,0.0,match
SO,operating_income,annual,2023-12-31 00:00:00,2023-12-31,0.0,2023.0,,5826000000.0,5826000000.0,5826000000.0,True,0.0,match
SO,operating_income,annual,2022-12-31 00:00:00,2022-12-31,0.0,2022.0,,5370000000.0,5370000000.0,5370000000.0,True,0.0,match
SO,operating_income,quarterly,2026-06-30 00:00:00,,,,,1776000000.0,,,,,missing_in_sec
SO,operating_income,quarterly,2026-03-31 00:00:00,2026-03-31,0.0,2026.0,1.0,2018000000.0,2018000000.0,2018000000.0,False,0.0,match
SO,operating_income,quarterly,2025-12-31 00:00:00,2025-12-31,0.0,2025.0,4.0,917000000.0,917000000.0,917000000.0,True,0.0,match
SO,operating_income,quarterly,2025-09-30 00:00:00,2025-09-30,0.0,2025.0,3.0,2594000000.0,2594000000.0,2594000000.0,False,0.0,match
SO,operating_income,quarterly,2025-06-30 00:00:00,2025-06-30,0.0,2025.0,2.0,1764000000.0,1764000000.0,1764000000.0,False,0.0,match
SO,revenue,annual,2025-12-31 00:00:00,2025-12-31,0.0,2025.0,,29553000000.0,29553000000.0,29553000000.0,True,0.0,match
SO,revenue,annual,2024-12-31 00:00:00,2024-12-31,0.0,2024.0,,26724000000.0,26724000000.0,26724000000.0,True,0.0,match
SO,revenue,annual,2023-12-31 00:00:00,2023-12-31,0.0,2023.0,,25253000000.0,25253000000.0,25253000000.0,True,0.0,match
SO,revenue,annual,2022-12-31 00:00:00,2022-12-31,0.0,2022.0,,29279000000.0,29279000000.0,29279000000.0,True,0.0,match
SO,revenue,quarterly,2026-06-30 00:00:00,,,,,6977000000.0,,,,,missing_in_sec
SO,revenue,quarterly,2026-03-31 00:00:00,2026-03-31,0.0,2026.0,1.0,8397000000.0,8397000000.0,8397000000.0,False,0.0,match
SO,revenue,quarterly,2025-12-31 00:00:00,2025-12-31,0.0,2025.0,4.0,6981000000.0,6981000000.0,6981000000.0,True,0.0,match
SO,revenue,quarterly,2025-09-30 00:00:00,2025-09-30,0.0,2025.0,3.0,7823000000.0,7823000000.0,7823000000.0,False,0.0,match
SO,revenue,quarterly,2025-06-30 00:00:00,2025-06-30,0.0,2025.0,2.0,6973000000.0,6973000000.0,6973000000.0,False,0.0,match
UNH,diluted_shares,annual,2025-12-31 00:00:00,2025-12-31,0.0,2025.0,,911000000.0,911000000.0,911000000.0,True,0.0,match
UNH,diluted_shares,annual,2024-12-31 00:00:00,2024-12-31,0.0,2024.0,,929000000.0,929000000.0,929000000.0,True,0.0,match
UNH,diluted_shares,annual,2023-12-31 00:00:00,2023-12-31,0.0,2023.0,,938000000.0,938000000.0,938000000.0,True,0.0,match
UNH,diluted_shares,annual,2022-12-31 00:00:00,2022-12-31,0.0,2022.0,,950000000.0,950000000.0,950000000.0,True,0.0,match
UNH,diluted_shares,quarterly,2026-06-30 00:00:00,2026-06-30,0.0,2026.0,2.0,906000000.0,906000000.0,906000000.0,False,0.0,match
UNH,diluted_shares,quarterly,2026-03-31 00:00:00,2026-03-31,0.0,2026.0,1.0,910000000.0,910000000.0,910000000.0,False,0.0,match
UNH,diluted_shares,quarterly,2025-12-31 00:00:00,,,,,910000000.0,,,,,q4_not_filed
UNH,diluted_shares,quarterly,2025-09-30 00:00:00,2025-09-30,0.0,2025.0,3.0,908000000.0,908000000.0,908000000.0,False,0.0,match
UNH,diluted_shares,quarterly,2025-06-30 00:00:00,2025-06-30,0.0,2025.0,2.0,910000000.0,910000000.0,910000000.0,False,0.0,match
UNH,eps_diluted,annual,2025-12-31 00:00:00,2025-12-31,0.0,2025.0,,13.23,13.23,13.23,True,0.0,match
UNH,eps_diluted,annual,2024-12-31 00:00:00,2024-12-31,0.0,2024.0,,15.51,15.51,15.51,True,0.0,match
UNH,eps_diluted,annual,2023-12-31 00:00:00,2023-12-31,0.0,2023.0,,23.86,23.86,23.86,True,0.0,match
UNH,eps_diluted,annual,2022-12-31 00:00:00,2022-12-31,0.0,2022.0,,21.18,21.18,21.18,True,0.0,match
UNH,eps_diluted,quarterly,2026-06-30 00:00:00,2026-06-30,0.0,2026.0,2.0,6.04,6.04,6.04,False,0.0,match
UNH,eps_diluted,quarterly,2026-03-31 00:00:00,2026-03-31,0.0,2026.0,1.0,6.9,6.9,6.9,False,0.0,match
UNH,eps_diluted,quarterly,2025-12-31 00:00:00,,,,,0.01,,,,,q4_not_filed
UNH,eps_diluted,quarterly,2025-09-30 00:00:00,2025-09-30,0.0,2025.0,3.0,2.59,2.59,2.59,False,0.0,match
UNH,eps_diluted,quarterly,2025-06-30 00:00:00,2025-06-30,0.0,2025.0,2.0,3.74,3.74,3.74,False,0.0,match
UNH,net_income,annual,2025-12-31 00:00:00,2025-12-31,0.0,2025.0,,12056000000.0,12056000000.0,12056000000.0,True,0.0,match
UNH,net_income,annual,2024-12-31 00:00:00,2024-12-31,0.0,2024.0,,14405000000.0,14405000000.0,14405000000.0,True,0.0,match
UNH,net_income,annual,2023-12-31 00:00:00,2023-12-31,0.0,2023.0,,22381000000.0,22381000000.0,22381000000.0,True,0.0,match
UNH,net_income,annual,2022-12-31 00:00:00,2022-12-31,0.0,2022.0,,20120000000.0,20120000000.0,20120000000.0,True,0.0,match
UNH,net_income,quarterly,2026-06-30 00:00:00,2026-06-30,0.0,2026.0,2.0,5484000000.0,5484000000.0,5484000000.0,False,0.0,match
UNH,net_income,quarterly,2026-03-31 00:00:00,2026-03-31,0.0,2026.0,1.0,6280000000.0,6280000000.0,6280000000.0,False,0.0,match
UNH,net_income,quarterly,2025-12-31 00:00:00,2025-12-31,0.0,2025.0,4.0,10000000.0,10000000.0,10000000.0,True,0.0,match
UNH,net_income,quarterly,2025-09-30 00:00:00,2025-09-30,0.0,2025.0,3.0,2348000000.0,2348000000.0,2348000000.0,False,0.0,match
UNH,net_income,quarterly,2025-06-30 00:00:00,2025-06-30,0.0,2025.0,2.0,3406000000.0,3406000000.0,3406000000.0,False,0.0,match
UNH,operating_income,annual,2025-12-31 00:00:00,2025-12-31,0.0,2025.0,,18964000000.0,18964000000.0,18964000000.0,True,0.0,match
UNH,operating_income,annual,2024-12-31 00:00:00,2024-12-31,0.0,2024.0,,32287000000.0,32287000000.0,32287000000.0,True,0.0,match
UNH,operating_income,annual,2023-12-31 00:00:00,2023-12-31,0.0,2023.0,,32358000000.0,32358000000.0,32358000000.0,True,0.0,match
UNH,operating_income,annual,2022-12-31 00:00:00,2022-12-31,0.0,2022.0,,28435000000.0,28435000000.0,28435000000.0,True,0.0,match
UNH,operating_income,quarterly,2026-06-30 00:00:00,2026-06-30,0.0,2026.0,2.0,7991000000.0,7991000000.0,7991000000.0,False,0.0,match
UNH,operating_income,quarterly,2026-03-31 00:00:00,2026-03-31,0.0,2026.0,1.0,8990000000.0,8990000000.0,8990000000.0,False,0.0,match
UNH,operating_income,quarterly,2025-12-31 00:00:00,2025-12-31,0.0,2025.0,4.0,380000000.0,380000000.0,380000000.0,True,0.0,match
UNH,operating_income,quarterly,2025-09-30 00:00:00,2025-09-30,0.0,2025.0,3.0,4315000000.0,4315000000.0,4315000000.0,False,0.0,match
UNH,operating_income,quarterly,2025-06-30 00:00:00,2025-06-30,0.0,2025.0,2.0,5150000000.0,5150000000.0,5150000000.0,False,0.0,match
UNH,revenue,annual,2025-12-31 00:00:00,2025-12-31,0.0,2025.0,,447567000000.0,447567000000.0,447567000000.0,True,0.0,match
UNH,revenue,annual,2024-12-31 00:00:00,2024-12-31,0.0,2024.0,,400278000000.0,400278000000.0,400278000000.0,True,0.0,match
UNH,revenue,annual,2023-12-31 00:00:00,2023-12-31,0.0,2023.0,,371622000000.0,371622000000.0,371622000000.0,True,0.0,match
UNH,revenue,annual,2022-12-31 00:00:00,2022-12-31,0.0,2022.0,,324162000000.0,324162000000.0,324162000000.0,True,0.0,match
UNH,revenue,quarterly,2026-06-30 00:00:00,2026-06-30,0.0,2026.0,2.0,112032000000.0,112032000000.0,112032000000.0,False,0.0,match
UNH,revenue,quarterly,2026-03-31 00:00:00,2026-03-31,0.0,2026.0,1.0,111721000000.0,111721000000.0,111721000000.0,False,0.0,match
UNH,revenue,quarterly,2025-12-31 00:00:00,2025-12-31,0.0,2025.0,4.0,113215000000.0,113215000000.0,113215000000.0,True,0.0,match
UNH,revenue,quarterly,2025-09-30 00:00:00,2025-09-30,0.0,2025.0,3.0,113161000000.0,113161000000.0,113161000000.0,False,0.0,match
UNH,revenue,quarterly,2025-06-30 00:00:00,2025-06-30,0.0,2025.0,2.0,111616000000.0,111616000000.0,111616000000.0,False,0.0,match
V,diluted_shares,annual,2025-09-30 00:00:00,,,,,2194000000.0,,,,,vendor_only_metric
V,diluted_shares,annual,2024-09-30 00:00:00,,,,,2399000000.0,,,,,vendor_only_metric
V,diluted_shares,annual,2023-09-30 00:00:00,,,,,2507000000.0,,,,,vendor_only_metric
V,diluted_shares,annual,2022-09-30 00:00:00,,,,,2558000000.0,,,,,vendor_only_metric
V,diluted_shares,quarterly,2026-06-30 00:00:00,,,,,2105795000.0,,,,,vendor_only_metric
V,diluted_shares,quarterly,2026-03-31 00:00:00,,,,,2141042000.0,,,,,vendor_only_metric
V,diluted_shares,quarterly,2025-12-31 00:00:00,,,,,2159451000.0,,,,,vendor_only_metric
V,diluted_shares,quarterly,2025-09-30 00:00:00,,,,,2173000000.0,,,,,vendor_only_metric
V,diluted_shares,quarterly,2025-06-30 00:00:00,,,,,2187000000.0,,,,,vendor_only_metric
V,eps_diluted,annual,2025-09-30 00:00:00,,,,,10.2,,,,,vendor_only_metric
V,eps_diluted,annual,2024-09-30 00:00:00,,,,,9.73,,,,,vendor_only_metric
V,eps_diluted,annual,2023-09-30 00:00:00,,,,,8.28,,,,,vendor_only_metric
V,eps_diluted,annual,2022-09-30 00:00:00,,,,,7.0,,,,,vendor_only_metric
V,eps_diluted,quarterly,2026-06-30 00:00:00,,,,,2.97,,,,,vendor_only_metric
V,eps_diluted,quarterly,2026-03-31 00:00:00,,,,,3.14,,,,,vendor_only_metric
V,eps_diluted,quarterly,2025-12-31 00:00:00,,,,,3.03,,,,,vendor_only_metric
V,eps_diluted,quarterly,2025-09-30 00:00:00,,,,,2.62,,,,,vendor_only_metric
V,eps_diluted,quarterly,2025-06-30 00:00:00,,,,,2.69,,,,,vendor_only_metric
V,net_income,annual,2025-09-30 00:00:00,2025-09-30,0.0,2025.0,,20058000000.0,20058000000.0,20058000000.0,True,0.0,match
V,net_income,annual,2024-09-30 00:00:00,2024-09-30,0.0,2024.0,,19743000000.0,19743000000.0,19743000000.0,True,0.0,match
V,net_income,annual,2023-09-30 00:00:00,2023-09-30,0.0,2023.0,,17273000000.0,17273000000.0,17273000000.0,True,0.0,match
V,net_income,annual,2022-09-30 00:00:00,2022-09-30,0.0,2022.0,,14957000000.0,14957000000.0,14957000000.0,True,0.0,match
V,net_income,quarterly,2026-06-30 00:00:00,,,,,5628000000.0,,,,,missing_in_sec
V,net_income,quarterly,2026-03-31 00:00:00,2026-03-31,0.0,2026.0,2.0,6021000000.0,6021000000.0,6021000000.0,False,0.0,match
V,net_income,quarterly,2025-12-31 00:00:00,2025-12-31,0.0,2026.0,1.0,5853000000.0,5853000000.0,5853000000.0,False,0.0,match
V,net_income,quarterly,2025-09-30 00:00:00,2025-09-30,0.0,2025.0,4.0,5090000000.0,5090000000.0,5090000000.0,True,0.0,match
V,net_income,quarterly,2025-06-30 00:00:00,2025-06-30,0.0,2025.0,3.0,5272000000.0,5272000000.0,5272000000.0,False,0.0,match
V,operating_income,annual,2025-09-30 00:00:00,2025-09-30,0.0,2025.0,,26556000000.0,23994000000.0,23994000000.0,True,0.10677669417354338,unexplained
V,operating_income,annual,2024-09-30 00:00:00,2024-09-30,0.0,2024.0,,24057000000.0,23595000000.0,23595000000.0,True,0.019580419580419582,matches_adjacent_period
V,operating_income,annual,2023-09-30 00:00:00,2023-09-30,0.0,2023.0,,21927000000.0,21000000000.0,21000000000.0,True,0.04414285714285714,unexplained
V,operating_income,annual,2022-09-30 00:00:00,2022-09-30,0.0,2022.0,,19681000000.0,18813000000.0,18813000000.0,True,0.04613830861638229,unexplained
V,operating_income,quarterly,2026-06-30 00:00:00,,,,,7130000000.0,,,,,missing_in_sec
V,operating_income,quarterly,2026-03-31 00:00:00,2026-03-31,0.0,2026.0,2.0,7563000000.0,7234000000.0,7234000000.0,False,0.04547967929223113,unexplained
V,operating_income,quarterly,2025-12-31 00:00:00,2025-12-31,0.0,2026.0,1.0,7445000000.0,6737000000.0,6737000000.0,False,0.10509128692296274,unexplained
V,operating_income,quarterly,2025-09-30 00:00:00,2025-09-30,0.0,2025.0,4.0,7051000000.0,6148000000.0,6148000000.0,True,0.14687703318152245,unexplained
V,operating_income,quarterly,2025-06-30 00:00:00,2025-06-30,0.0,2025.0,3.0,6792000000.0,6177000000.0,6177000000.0,False,0.09956289460903352,unexplained
V,revenue,annual,2025-09-30 00:00:00,2025-09-30,0.0,2025.0,,40000000000.0,40000000000.0,40000000000.0,True,0.0,match
V,revenue,annual,2024-09-30 00:00:00,2024-09-30,0.0,2024.0,,35926000000.0,35926000000.0,35926000000.0,True,0.0,match
V,revenue,annual,2023-09-30 00:00:00,2023-09-30,0.0,2023.0,,32653000000.0,32653000000.0,32653000000.0,True,0.0,match
V,revenue,annual,2022-09-30 00:00:00,2022-09-30,0.0,2022.0,,29310000000.0,29310000000.0,29310000000.0,True,0.0,match
V,revenue,quarterly,2026-06-30 00:00:00,,,,,11633000000.0,,,,,missing_in_sec
V,revenue,quarterly,2026-03-31 00:00:00,2026-03-31,0.0,2026.0,2.0,11230000000.0,11230000000.0,11230000000.0,False,0.0,match
V,revenue,quarterly,2025-12-31 00:00:00,2025-12-31,0.0,2026.0,1.0,10901000000.0,10901000000.0,10901000000.0,False,0.0,match
V,revenue,quarterly,2025-09-30 00:00:00,2025-09-30,0.0,2025.0,4.0,10724000000.0,10724000000.0,10724000000.0,True,0.0,match
V,revenue,quarterly,2025-06-30 00:00:00,2025-06-30,0.0,2025.0,3.0,10172000000.0,10172000000.0,10172000000.0,False,0.0,match
WMT,diluted_shares,annual,2026-01-31 00:00:00,2026-01-31,0.0,2026.0,,8022000000.0,8022000000.0,8022000000.0,True,0.0,match
WMT,diluted_shares,annual,2025-01-31 00:00:00,2025-01-31,0.0,2025.0,,8081000000.0,8081000000.0,8081000000.0,True,0.0,match
WMT,diluted_shares,annual,2024-01-31 00:00:00,2024-01-31,0.0,2024.0,,8109000000.0,8108000000.0,8108000000.0,True,0.000123334977799704,match
WMT,diluted_shares,annual,2023-01-31 00:00:00,2023-01-31,0.0,2023.0,,8202000000.0,8202000000.0,2734000000.0,True,0.0,match
WMT,diluted_shares,quarterly,2026-07-31 00:00:00,2026-07-31,0.0,2027.0,2.0,7978000000.0,7978000000.0,7978000000.0,False,0.0,match
WMT,diluted_shares,quarterly,2026-04-30 00:00:00,2026-04-30,0.0,2027.0,1.0,7999000000.0,7999000000.0,7999000000.0,False,0.0,match
WMT,diluted_shares,quarterly,2026-01-31 00:00:00,,,,,8009000000.0,,,,,q4_not_filed
WMT,diluted_shares,quarterly,2025-10-31 00:00:00,2025-10-31,0.0,2026.0,3.0,8011000000.0,8011000000.0,8011000000.0,False,0.0,match
WMT,diluted_shares,quarterly,2025-07-31 00:00:00,2025-07-31,0.0,2026.0,2.0,8016000000.0,8016000000.0,8016000000.0,False,0.0,match
WMT,eps_diluted,annual,2026-01-31 00:00:00,2026-01-31,0.0,2026.0,,2.73,2.73,2.73,True,0.0,match
WMT,eps_diluted,annual,2025-01-31 00:00:00,2025-01-31,0.0,2025.0,,2.41,2.41,2.41,True,0.0,match
WMT,eps_diluted,annual,2024-01-31 00:00:00,2024-01-31,0.0,2024.0,,1.913333,1.91,1.91,True,0.0017450261780104872,match
WMT,eps_diluted,annual,2023-01-31 00:00:00,2023-01-31,0.0,2023.0,,1.423333,1.42,4.27,True,0.0023471830985915708,match
WMT,eps_diluted,quarterly,2026-07-31 00:00:00,2026-07-31,0.0,2027.0,2.0,0.8,0.8,0.8,False,0.0,match
WMT,eps_diluted,quarterly,2026-04-30 00:00:00,2026-04-30,0.0,2027.0,1.0,0.67,0.67,0.67,False,0.0,match
WMT,eps_diluted,quarterly,2026-01-31 00:00:00,,,,,0.53,,,,,q4_not_filed
WMT,eps_diluted,quarterly,2025-10-31 00:00:00,2025-10-31,0.0,2026.0,3.0,0.77,0.77,0.77,False,0.0,match
WMT,eps_diluted,quarterly,2025-07-31 00:00:00,2025-07-31,0.0,2026.0,2.0,0.88,0.88,0.88,False,0.0,match
WMT,net_income,annual,2026-01-31 00:00:00,2026-01-31,0.0,2026.0,,21893000000.0,21893000000.0,21893000000.0,True,0.0,match
WMT,net_income,annual,2025-01-31 00:00:00,2025-01-31,0.0,2025.0,,19436000000.0,19436000000.0,19436000000.0,True,0.0,match
WMT,net_income,annual,2024-01-31 00:00:00,2024-01-31,0.0,2024.0,,15511000000.0,15511000000.0,15511000000.0,True,0.0,match
WMT,net_income,annual,2023-01-31 00:00:00,2023-01-31,0.0,2023.0,,11680000000.0,11680000000.0,11680000000.0,True,0.0,match
WMT,net_income,quarterly,2026-07-31 00:00:00,2026-07-31,0.0,2027.0,2.0,6366000000.0,6366000000.0,6366000000.0,False,0.0,match
WMT,net_income,quarterly,2026-04-30 00:00:00,2026-04-30,0.0,2027.0,1.0,5330000000.0,5330000000.0,5330000000.0,False,0.0,match
WMT,net_income,quarterly,2026-01-31 00:00:00,2026-01-31,0.0,2026.0,4.0,4237000000.0,4237000000.0,4237000000.0,True,0.0,match
WMT,net_income,quarterly,2025-10-31 00:00:00,2025-10-31,0.0,2026.0,3.0,6143000000.0,6143000000.0,6143000000.0,False,0.0,match
WMT,net_income,quarterly,2025-07-31 00:00:00,2025-07-31,0.0,2026.0,2.0,7026000000.0,7026000000.0,7026000000.0,False,0.0,match
WMT,operating_income,annual,2026-01-31 00:00:00,2026-01-31,0.0,2026.0,,29825000000.0,29825000000.0,29825000000.0,True,0.0,match
WMT,operating_income,annual,2025-01-31 00:00:00,2025-01-31,0.0,2025.0,,29348000000.0,29348000000.0,29348000000.0,True,0.0,match
WMT,operating_income,annual,2024-01-31 00:00:00,2024-01-31,0.0,2024.0,,27012000000.0,27012000000.0,27012000000.0,True,0.0,match
WMT,operating_income,annual,2023-01-31 00:00:00,2023-01-31,0.0,2023.0,,20428000000.0,20428000000.0,20428000000.0,True,0.0,match
WMT,operating_income,quarterly,2026-07-31 00:00:00,2026-07-31,0.0,2027.0,2.0,9383000000.0,9383000000.0,9383000000.0,False,0.0,match
WMT,operating_income,quarterly,2026-04-30 00:00:00,2026-04-30,0.0,2027.0,1.0,7493000000.0,7493000000.0,7493000000.0,False,0.0,match
WMT,operating_income,quarterly,2026-01-31 00:00:00,2026-01-31,0.0,2026.0,4.0,8708000000.0,8708000000.0,8708000000.0,True,0.0,match
WMT,operating_income,quarterly,2025-10-31 00:00:00,2025-10-31,0.0,2026.0,3.0,6696000000.0,6696000000.0,6696000000.0,False,0.0,match
WMT,operating_income,quarterly,2025-07-31 00:00:00,2025-07-31,0.0,2026.0,2.0,7286000000.0,7286000000.0,7286000000.0,False,0.0,match
WMT,revenue,annual,2026-01-31 00:00:00,2026-01-31,0.0,2026.0,,713163000000.0,713163000000.0,713163000000.0,True,0.0,match
WMT,revenue,annual,2025-01-31 00:00:00,2025-01-31,0.0,2025.0,,680985000000.0,680985000000.0,680985000000.0,True,0.0,match
WMT,revenue,annual,2024-01-31 00:00:00,2024-01-31,0.0,2024.0,,648125000000.0,648125000000.0,648125000000.0,True,0.0,match
WMT,revenue,annual,2023-01-31 00:00:00,2023-01-31,0.0,2023.0,,611289000000.0,611289000000.0,611289000000.0,True,0.0,match
WMT,revenue,quarterly,2026-07-31 00:00:00,2026-07-31,0.0,2027.0,2.0,187937000000.0,187937000000.0,187937000000.0,False,0.0,match
WMT,revenue,quarterly,2026-04-30 00:00:00,2026-04-30,0.0,2027.0,1.0,177751000000.0,177751000000.0,177751000000.0,False,0.0,match
WMT,revenue,quarterly,2026-01-31 00:00:00,2026-01-31,0.0,2026.0,4.0,190656000000.0,190656000000.0,190656000000.0,True,0.0,match
WMT,revenue,quarterly,2025-10-31 00:00:00,2025-10-31,0.0,2026.0,3.0,179496000000.0,179496000000.0,179496000000.0,False,0.0,match
WMT,revenue,quarterly,2025-07-31 00:00:00,2025-07-31,0.0,2026.0,2.0,177402000000.0,177402000000.0,177402000000.0,False,0.0,match
XOM,diluted_shares,annual,2025-12-31 00:00:00,,,,,4305074627.0,,,,,missing_in_sec
XOM,diluted_shares,annual,2024-12-31 00:00:00,,,,,4298000000.0,,,,,missing_in_sec
XOM,diluted_shares,annual,2023-12-31 00:00:00,,,,,4052000000.0,,,,,missing_in_sec
XOM,diluted_shares,annual,2022-12-31 00:00:00,,,,,4205000000.0,,,,,missing_in_sec
XOM,diluted_shares,quarterly,2026-06-30 00:00:00,,,,,4174000000.0,,,,,missing_in_sec
XOM,diluted_shares,quarterly,2026-03-31 00:00:00,,,,,4202000000.0,,,,,missing_in_sec
XOM,diluted_shares,quarterly,2025-12-31 00:00:00,,,,,4249019608.0,,,,,q4_not_filed
XOM,diluted_shares,quarterly,2025-09-30 00:00:00,,,,,4288636364.0,,,,,missing_in_sec
XOM,diluted_shares,quarterly,2025-06-30 00:00:00,,,,,4331000000.0,,,,,missing_in_sec
XOM,eps_diluted,annual,2025-12-31 00:00:00,2025-12-31,0.0,2025.0,,6.7,6.7,6.7,True,0.0,match
XOM,eps_diluted,annual,2024-12-31 00:00:00,2024-12-31,0.0,2024.0,,7.84,7.84,7.84,True,0.0,match
XOM,eps_diluted,annual,2023-12-31 00:00:00,2023-12-31,0.0,2023.0,,8.89,8.89,8.89,True,0.0,match
XOM,eps_diluted,annual,2022-12-31 00:00:00,2022-12-31,0.0,2022.0,,13.26,13.26,13.26,True,0.0,match
XOM,eps_diluted,quarterly,2026-06-30 00:00:00,2026-06-30,0.0,2026.0,2.0,3.48,3.48,3.48,False,0.0,match
XOM,eps_diluted,quarterly,2026-03-31 00:00:00,2026-03-31,0.0,2026.0,1.0,1.0,1.0,1.0,False,0.0,match
XOM,eps_diluted,quarterly,2025-12-31 00:00:00,,,,,1.53,,,,,q4_not_filed
XOM,eps_diluted,quarterly,2025-09-30 00:00:00,2025-09-30,0.0,2025.0,3.0,1.76,1.76,1.76,False,0.0,match
XOM,eps_diluted,quarterly,2025-06-30 00:00:00,2025-06-30,0.0,2025.0,2.0,1.64,1.64,1.64,False,0.0,match
XOM,net_income,annual,2025-12-31 00:00:00,2025-12-31,0.0,2025.0,,28844000000.0,28844000000.0,28844000000.0,True,0.0,match
XOM,net_income,annual,2024-12-31 00:00:00,2024-12-31,0.0,2024.0,,33680000000.0,33680000000.0,33680000000.0,True,0.0,match
XOM,net_income,annual,2023-12-31 00:00:00,2023-12-31,0.0,2023.0,,36010000000.0,36010000000.0,36010000000.0,True,0.0,match
XOM,net_income,annual,2022-12-31 00:00:00,2022-12-31,0.0,2022.0,,55740000000.0,55740000000.0,55740000000.0,True,0.0,match
XOM,net_income,quarterly,2026-06-30 00:00:00,2026-06-30,0.0,2026.0,2.0,14525000000.0,14525000000.0,14525000000.0,False,0.0,match
XOM,net_income,quarterly,2026-03-31 00:00:00,2026-03-31,0.0,2026.0,1.0,4183000000.0,4183000000.0,4183000000.0,False,0.0,match
XOM,net_income,quarterly,2025-12-31 00:00:00,2025-12-31,0.0,2025.0,4.0,6501000000.0,6501000000.0,6501000000.0,True,0.0,match
XOM,net_income,quarterly,2025-09-30 00:00:00,2025-09-30,0.0,2025.0,3.0,7548000000.0,7548000000.0,7548000000.0,False,0.0,match
XOM,net_income,quarterly,2025-06-30 00:00:00,2025-06-30,0.0,2025.0,2.0,7082000000.0,7082000000.0,7082000000.0,False,0.0,match
XOM,operating_income,annual,2025-12-31 00:00:00,,,,,33938000000.0,,,,,vendor_only_metric
XOM,operating_income,annual,2024-12-31 00:00:00,,,,,39652000000.0,,,,,vendor_only_metric
XOM,operating_income,annual,2023-12-31 00:00:00,,,,,44461000000.0,,,,,vendor_only_metric
XOM,operating_income,annual,2022-12-31 00:00:00,,,,,64028000000.0,,,,,vendor_only_metric
XOM,operating_income,quarterly,2026-06-30 00:00:00,,,,,18195000000.0,,,,,vendor_only_metric
XOM,operating_income,quarterly,2026-03-31 00:00:00,,,,,5347000000.0,,,,,vendor_only_metric
XOM,operating_income,quarterly,2025-12-31 00:00:00,,,,,6003000000.0,,,,,vendor_only_metric
XOM,operating_income,quarterly,2025-09-30 00:00:00,,,,,9178000000.0,,,,,vendor_only_metric
XOM,operating_income,quarterly,2025-06-30 00:00:00,,,,,8911000000.0,,,,,vendor_only_metric
XOM,revenue,annual,2025-12-31 00:00:00,2025-12-31,0.0,2025.0,,323905000000.0,332238000000.0,332238000000.0,True,-0.025081417538029966,unexplained
XOM,revenue,annual,2024-12-31 00:00:00,2024-12-31,0.0,2024.0,,339247000000.0,349585000000.0,349585000000.0,True,-0.029572207045496804,unexplained
XOM,revenue,annual,2023-12-31 00:00:00,2023-12-31,0.0,2023.0,,334697000000.0,344582000000.0,344582000000.0,True,-0.02868693083213865,unexplained
XOM,revenue,annual,2022-12-31 00:00:00,2022-12-31,0.0,2022.0,,398675000000.0,413680000000.0,413680000000.0,True,-0.036271997679365696,unexplained
XOM,revenue,quarterly,2026-06-30 00:00:00,2026-06-30,0.0,2026.0,2.0,114529000000.0,116017000000.0,116017000000.0,False,-0.012825706577484334,unexplained
XOM,revenue,quarterly,2026-03-31 00:00:00,2026-03-31,0.0,2026.0,1.0,83161000000.0,85138000000.0,85138000000.0,False,-0.023221123352674483,unexplained
XOM,revenue,quarterly,2025-12-31 00:00:00,2025-12-31,0.0,2025.0,4.0,80039000000.0,82308000000.0,82308000000.0,True,-0.02756718666472275,unexplained
XOM,revenue,quarterly,2025-09-30 00:00:00,2025-09-30,0.0,2025.0,3.0,83331000000.0,85294000000.0,85294000000.0,False,-0.023014514502778624,unexplained
XOM,revenue,quarterly,2025-06-30 00:00:00,2025-06-30,0.0,2025.0,2.0,79477000000.0,81506000000.0,81506000000.0,False,-0.024893872843717028,unexplained
AAPL,eps_street_vs_gaap,quarterly,2026-07-30,2026-06-27,,2026.0,3.0,2.02,2.02,,,0.0,match
AAPL,eps_street_vs_gaap,quarterly,2026-04-30,2026-03-28,,2026.0,2.0,2.01,2.01,,,0.0,match
AAPL,eps_street_vs_gaap,quarterly,2026-01-29,2025-12-27,,2026.0,1.0,2.84,2.84,,,0.0,match
AAPL,eps_street_vs_gaap,quarterly,2025-10-30,,,,,1.85,,,,,no_gaap_quarter
AAPL,eps_street_vs_gaap,quarterly,2025-07-31,2025-06-28,,2025.0,3.0,1.57,1.57,,,0.0,match
AAPL,eps_street_vs_gaap,quarterly,2025-05-01,2025-03-29,,2025.0,2.0,1.65,1.65,,,0.0,match
AAPL,eps_street_vs_gaap,quarterly,2025-01-30,2024-12-28,,2025.0,1.0,2.4,2.4,,,0.0,match
AAPL,eps_street_vs_gaap,quarterly,2024-10-31,,,,,0.97,,,,,no_gaap_quarter
AAPL,eps_street_vs_gaap,quarterly,2024-08-01,2024-06-29,,2024.0,3.0,1.4,1.4,,,0.0,match
AAPL,eps_street_vs_gaap,quarterly,2024-05-02,2024-03-30,,2024.0,2.0,1.53,1.53,,,0.0,match
AAPL,eps_street_vs_gaap,quarterly,2024-02-01,2023-12-30,,2024.0,1.0,2.18,2.18,,,0.0,match
AAPL,eps_street_vs_gaap,quarterly,2023-11-02,,,,,1.46,,,,,no_gaap_quarter
AAPL,eps_street_vs_gaap,quarterly,2023-08-03,2023-07-01,,2023.0,3.0,1.26,1.26,,,0.0,match
AAPL,eps_street_vs_gaap,quarterly,2023-05-04,2023-04-01,,2023.0,2.0,1.52,1.52,,,0.0,match
AAPL,eps_street_vs_gaap,quarterly,2023-02-02,2022-12-31,,2023.0,1.0,1.88,1.88,,,0.0,match
AAPL,eps_street_vs_gaap,quarterly,2022-10-27,,,,,1.29,,,,,no_gaap_quarter
AAPL,eps_street_vs_gaap,quarterly,2022-07-28,2022-06-25,,2022.0,3.0,1.2,1.2,,,0.0,match
AAPL,eps_street_vs_gaap,quarterly,2022-04-28,2022-03-26,,2022.0,2.0,1.52,1.52,,,0.0,match
AAPL,eps_street_vs_gaap,quarterly,2022-01-27,2021-12-25,,2022.0,1.0,2.1,2.1,,,0.0,match
AAPL,eps_street_vs_gaap,quarterly,2021-10-28,,,,,1.24,,,,,no_gaap_quarter
AAPL,eps_street_vs_gaap,quarterly,2021-07-27,2021-06-26,,2021.0,3.0,1.3,1.3,,,0.0,match
AAPL,eps_street_vs_gaap,quarterly,2021-04-28,2021-03-27,,2021.0,2.0,1.4,1.4,,,0.0,match
AAPL,eps_street_vs_gaap,quarterly,2021-01-27,2020-12-26,,2021.0,1.0,1.68,1.68,,,0.0,match
AAPL,eps_street_vs_gaap,quarterly,2020-10-29,2020-09-26,,2020.0,4.0,0.73,0.73,,,0.0,match
AAPL,eps_street_vs_gaap,quarterly,2020-07-30,2020-06-27,,2020.0,3.0,0.65,0.65,,,0.0,match
AAPL,eps_street_vs_gaap,quarterly,2020-04-30,2020-03-28,,2020.0,2.0,0.64,0.64,,,0.0,match
AAPL,eps_street_vs_gaap,quarterly,2020-01-28,2019-12-28,,2020.0,1.0,1.25,1.25,,,0.0,match
AAPL,eps_street_vs_gaap,quarterly,2019-10-30,2019-09-28,,2019.0,4.0,0.76,0.76,,,0.0,match
AAPL,eps_street_vs_gaap,quarterly,2019-07-30,2019-06-29,,2019.0,3.0,0.55,0.55,,,0.0,match
AAPL,eps_street_vs_gaap,quarterly,2019-04-30,2019-03-30,,2019.0,2.0,0.62,0.61,,,0.016393442622950834,match
AAPL,eps_street_vs_gaap,quarterly,2019-01-29,2018-12-29,,2019.0,1.0,1.05,1.05,,,0.0,match
AAPL,eps_street_vs_gaap,quarterly,2018-11-01,2018-09-29,,2018.0,4.0,0.73,2.91,,,-0.7491408934707904,split_basis
AAPL,eps_street_vs_gaap,quarterly,2018-07-31,2018-06-30,,2018.0,3.0,0.59,2.34,,,-0.7478632478632479,split_basis
AAPL,eps_street_vs_gaap,quarterly,2018-05-01,2018-03-31,,2018.0,2.0,0.68,2.73,,,-0.7509157509157508,split_basis
AAPL,eps_street_vs_gaap,quarterly,2018-02-01,2017-12-30,,2018.0,1.0,0.97,3.89,,,-0.7506426735218509,split_basis
NVDA,eps_street_vs_gaap,quarterly,2026-08-26,2026-07-26,,2027.0,2.0,2.22,2.46,,,-0.097560975609756,street_vs_gaap
NVDA,eps_street_vs_gaap,quarterly,2026-05-20,2026-04-26,,2027.0,1.0,1.87,2.39,,,-0.21757322175732216,street_vs_gaap
NVDA,eps_street_vs_gaap,quarterly,2026-02-25,,,,,1.62,,,,,no_gaap_quarter
NVDA,eps_street_vs_gaap,quarterly,2025-11-19,2025-10-26,,2026.0,3.0,1.3,1.3,,,0.0,match
NVDA,eps_street_vs_gaap,quarterly,2025-08-27,2025-07-27,,2026.0,2.0,1.05,1.08,,,-0.0277777777777778,street_vs_gaap
NVDA,eps_street_vs_gaap,quarterly,2025-05-28,2025-04-27,,2026.0,1.0,0.81,0.76,,,0.06578947368421058,street_vs_gaap
NVDA,eps_street_vs_gaap,quarterly,2025-02-26,,,,,0.89,,,,,no_gaap_quarter
NVDA,eps_street_vs_gaap,quarterly,2024-11-20,2024-10-27,,2025.0,3.0,0.81,0.78,,,0.03846153846153849,street_vs_gaap
NVDA,eps_street_vs_gaap,quarterly,2024-08-28,2024-07-28,,2025.0,2.0,0.68,0.67,,,0.01492537313432837,match
NVDA,eps_street_vs_gaap,quarterly,2024-05-22,2024-04-28,,2025.0,1.0,0.61,0.6,,,0.016666666666666684,match
NVDA,eps_street_vs_gaap,quarterly,2024-02-21,,,,,0.52,,,,,no_gaap_quarter
NVDA,eps_street_vs_gaap,quarterly,2023-11-21,2023-10-29,,2024.0,3.0,0.4,0.37,,,0.08108108108108115,street_vs_gaap
NVDA,eps_street_vs_gaap,quarterly,2023-08-23,2023-07-30,,2024.0,2.0,0.27,0.25,,,0.08000000000000007,street_vs_gaap
NVDA,eps_street_vs_gaap,quarterly,2023-05-24,2023-04-30,,2024.0,1.0,0.11,0.82,,,-0.8658536585365854,street_vs_gaap
NVDA,eps_street_vs_gaap,quarterly,2023-02-22,,,,,0.09,,,,,no_gaap_quarter
NVDA,eps_street_vs_gaap,quarterly,2022-11-16,2022-10-30,,2023.0,3.0,0.06,0.27,,,-0.7777777777777778,unrecorded_basis_change
NVDA,eps_street_vs_gaap,quarterly,2022-08-24,2022-07-31,,2023.0,2.0,0.05,0.26,,,-0.8076923076923077,unrecorded_basis_change
NVDA,eps_street_vs_gaap,quarterly,2022-05-25,2022-05-01,,2023.0,1.0,0.14,0.64,,,-0.78125,street_vs_gaap
NVDA,eps_street_vs_gaap,quarterly,2022-02-16,,,,,0.13,,,,,no_gaap_quarter
NVDA,eps_street_vs_gaap,quarterly,2021-11-17,2021-10-31,,2022.0,3.0,0.12,0.97,,,-0.8762886597938144,street_vs_gaap
NVDA,eps_street_vs_gaap,quarterly,2021-08-18,2021-08-01,,2022.0,2.0,0.1,0.94,,,-0.8936170212765958,split_basis
NVDA,eps_street_vs_gaap,quarterly,2021-05-26,2021-05-02,,2022.0,1.0,0.09,0.76,,,-0.8815789473684211,street_vs_gaap
NVDA,eps_street_vs_gaap,quarterly,2021-02-24,,,,,0.08,,,,,no_gaap_quarter
NVDA,eps_street_vs_gaap,quarterly,2020-11-18,2020-10-25,,2021.0,3.0,0.07,0.53,,,-0.8679245283018868,street_vs_gaap
NVDA,eps_street_vs_gaap,quarterly,2020-08-19,2020-07-26,,2021.0,2.0,0.05,0.25,,,-0.8,unrecorded_basis_change
NVDA,eps_street_vs_gaap,quarterly,2020-05-21,2020-04-26,,2021.0,1.0,0.05,1.47,,,-0.9659863945578231,street_vs_gaap
NVDA,eps_street_vs_gaap,quarterly,2020-02-13,2020-01-26,,2020.0,4.0,0.05,1.53,,,-0.9673202614379085,street_vs_gaap
NVDA,eps_street_vs_gaap,quarterly,2019-11-14,2019-10-27,,2020.0,3.0,0.04,1.45,,,-0.9724137931034482,split_basis
NVDA,eps_street_vs_gaap,quarterly,2019-08-15,2019-07-28,,2020.0,2.0,0.03,0.9,,,-0.9666666666666667,split_basis
NVDA,eps_street_vs_gaap,quarterly,2019-05-16,2019-04-28,,2020.0,1.0,0.02,0.64,,,-0.96875,split_basis
NVDA,eps_street_vs_gaap,quarterly,2019-02-14,2019-01-27,,2019.0,4.0,0.02,0.92,,,-0.9782608695652174,split_basis
NVDA,eps_street_vs_gaap,quarterly,2018-11-15,2018-10-28,,2019.0,3.0,0.05,1.97,,,-0.9746192893401014,split_basis
NVDA,eps_street_vs_gaap,quarterly,2018-08-16,2018-07-29,,2019.0,2.0,0.05,1.76,,,-0.9715909090909091,split_basis
NVDA,eps_street_vs_gaap,quarterly,2018-05-10,2018-04-29,,2019.0,1.0,0.05,1.98,,,-0.9747474747474747,split_basis
NVDA,eps_street_vs_gaap,quarterly,2018-02-08,2018-01-28,,2018.0,4.0,0.04,1.78,,,-0.9775280898876404,split_basis
IBM,eps_street_vs_gaap,quarterly,2026-07-22,2026-06-30,,2026.0,2.0,2.93,2.27,,,0.29074889867841414,street_vs_gaap
IBM,eps_street_vs_gaap,quarterly,2026-04-22,2026-03-31,,2026.0,1.0,1.91,1.28,,,0.4921874999999999,street_vs_gaap
IBM,eps_street_vs_gaap,quarterly,2026-01-28,,,,,4.52,,,,,no_gaap_quarter
IBM,eps_street_vs_gaap,quarterly,2025-10-22,2025-09-30,,2025.0,3.0,2.65,1.84,,,0.4402173913043477,street_vs_gaap
IBM,eps_street_vs_gaap,quarterly,2025-07-23,2025-06-30,,2025.0,2.0,2.8,2.31,,,0.21212121212121202,street_vs_gaap
IBM,eps_street_vs_gaap,quarterly,2025-04-23,2025-03-31,,2025.0,1.0,1.6,1.12,,,0.4285714285714285,street_vs_gaap
IBM,eps_street_vs_gaap,quarterly,2025-01-29,,,,,3.92,,,,,no_gaap_quarter
IBM,eps_street_vs_gaap,quarterly,2024-10-23,2024-09-30,,2024.0,3.0,2.3,-0.36,,,7.388888888888888,street_vs_gaap
IBM,eps_street_vs_gaap,quarterly,2024-07-24,2024-06-30,,2024.0,2.0,2.43,1.96,,,0.23979591836734704,street_vs_gaap
IBM,eps_street_vs_gaap,quarterly,2024-04-24,2024-03-31,,2024.0,1.0,1.68,1.72,,,-0.023255813953488393,street_vs_gaap
IBM,eps_street_vs_gaap,quarterly,2024-01-24,,,,,3.87,,,,,no_gaap_quarter
IBM,eps_street_vs_gaap,quarterly,2023-10-25,2023-09-30,,2023.0,3.0,2.2,1.84,,,0.19565217391304351,street_vs_gaap
IBM,eps_street_vs_gaap,quarterly,2023-07-19,2023-06-30,,2023.0,2.0,2.18,1.72,,,0.26744186046511637,street_vs_gaap
IBM,eps_street_vs_gaap,quarterly,2023-04-19,2023-03-31,,2023.0,1.0,1.36,1.01,,,0.3465346534653466,street_vs_gaap
IBM,eps_street_vs_gaap,quarterly,2023-01-25,,,,,3.6,,,,,no_gaap_quarter
IBM,eps_street_vs_gaap,quarterly,2022-10-19,2022-09-30,,2022.0,3.0,1.81,-3.54,,,1.5112994350282485,street_vs_gaap
IBM,eps_street_vs_gaap,quarterly,2022-07-18,2022-06-30,,2022.0,2.0,2.31,1.53,,,0.5098039215686274,street_vs_gaap
IBM,eps_street_vs_gaap,quarterly,2022-04-19,2022-03-31,,2022.0,1.0,1.4,0.81,,,0.7283950617283949,street_vs_gaap
IBM,eps_street_vs_gaap,quarterly,2022-01-24,,,,,3.35,,,,,no_gaap_quarter
IBM,eps_street_vs_gaap,quarterly,2021-10-20,2021-09-30,,2021.0,3.0,2.52,1.25,,,1.016,unrecorded_basis_change
IBM,eps_street_vs_gaap,quarterly,2021-07-19,2021-06-30,,2021.0,2.0,2.33,1.47,,,0.5850340136054423,street_vs_gaap
IBM,eps_street_vs_gaap,quarterly,2021-04-19,2021-03-31,,2021.0,1.0,1.77,1.06,,,0.6698113207547169,street_vs_gaap
IBM,eps_street_vs_gaap,quarterly,2021-01-21,,,,,2.07,,,,,no_gaap_quarter
IBM,eps_street_vs_gaap,quarterly,2020-10-19,2020-09-30,,2020.0,3.0,2.58,1.89,,,0.36507936507936517,street_vs_gaap
IBM,eps_street_vs_gaap,quarterly,2020-07-20,2020-06-30,,2020.0,2.0,2.18,1.52,,,0.43421052631578955,street_vs_gaap
IBM,eps_street_vs_gaap,quarterly,2020-04-20,2020-03-31,,2020.0,1.0,1.84,1.31,,,0.40458015267175573,street_vs_gaap
IBM,eps_street_vs_gaap,quarterly,2020-01-21,,,,,4.71,,,,,no_gaap_quarter
IBM,eps_street_vs_gaap,quarterly,2019-10-16,2019-09-30,,2019.0,3.0,2.68,1.87,,,0.43315508021390375,street_vs_gaap
IBM,eps_street_vs_gaap,quarterly,2019-07-17,2019-06-30,,2019.0,2.0,3.17,2.81,,,0.12811387900355867,street_vs_gaap
IBM,eps_street_vs_gaap,quarterly,2019-04-16,2019-03-31,,2019.0,1.0,2.25,1.78,,,0.2640449438202247,street_vs_gaap
IBM,eps_street_vs_gaap,quarterly,2019-01-22,,,,,4.87,,,,,no_gaap_quarter
IBM,eps_street_vs_gaap,quarterly,2018-10-16,2018-09-30,,2018.0,3.0,3.42,2.94,,,0.16326530612244897,street_vs_gaap
IBM,eps_street_vs_gaap,quarterly,2018-07-18,2018-06-30,,2018.0,2.0,3.08,2.61,,,0.1800766283524905,street_vs_gaap
IBM,eps_street_vs_gaap,quarterly,2018-04-17,2018-03-31,,2018.0,1.0,2.45,1.81,,,0.3535911602209945,street_vs_gaap
IBM,eps_street_vs_gaap,quarterly,2018-01-18,,,,,5.18,,,,,no_gaap_quarter
GOOGL,eps_street_vs_gaap,quarterly,2026-07-22,2026-06-30,,2026.0,2.0,9.11,9.11,,,0.0,match
GOOGL,eps_street_vs_gaap,quarterly,2026-04-29,2026-03-31,,2026.0,1.0,5.11,5.11,,,0.0,match
GOOGL,eps_street_vs_gaap,quarterly,2026-02-04,,,,,2.82,,,,,no_gaap_quarter
GOOGL,eps_street_vs_gaap,quarterly,2025-10-29,2025-09-30,,2025.0,3.0,2.87,2.87,,,0.0,match
GOOGL,eps_street_vs_gaap,quarterly,2025-07-23,2025-06-30,,2025.0,2.0,2.31,2.31,,,0.0,match
GOOGL,eps_street_vs_gaap,quarterly,2025-04-24,2025-03-31,,2025.0,1.0,2.81,2.81,,,0.0,match
GOOGL,eps_street_vs_gaap,quarterly,2025-02-04,,,,,2.15,,,,,no_gaap_quarter
GOOGL,eps_street_vs_gaap,quarterly,2024-10-29,2024-09-30,,2024.0,3.0,2.12,2.12,,,0.0,match
GOOGL,eps_street_vs_gaap,quarterly,2024-07-23,2024-06-30,,2024.0,2.0,1.89,1.89,,,0.0,match
GOOGL,eps_street_vs_gaap,quarterly,2024-04-25,2024-03-31,,2024.0,1.0,1.89,1.89,,,0.0,match
GOOGL,eps_street_vs_gaap,quarterly,2024-01-30,,,,,1.64,,,,,no_gaap_quarter
GOOGL,eps_street_vs_gaap,quarterly,2023-10-24,2023-09-30,,2023.0,3.0,1.55,1.55,,,0.0,match
GOOGL,eps_street_vs_gaap,quarterly,2023-07-25,2023-06-30,,2023.0,2.0,1.44,1.44,,,0.0,match
GOOGL,eps_street_vs_gaap,quarterly,2023-04-25,2023-03-31,,2023.0,1.0,1.17,1.17,,,0.0,match
GOOGL,eps_street_vs_gaap,quarterly,2023-02-02,,,,,1.05,,,,,no_gaap_quarter
GOOGL,eps_street_vs_gaap,quarterly,2022-10-25,2022-09-30,,2022.0,3.0,1.06,1.06,,,0.0,match
GOOGL,eps_street_vs_gaap,quarterly,2022-07-26,2022-06-30,,2022.0,2.0,1.21,1.21,,,0.0,match
GOOGL,eps_street_vs_gaap,quarterly,2022-04-26,2022-03-31,,2022.0,1.0,1.23,1.23,,,0.0,match
GOOGL,eps_street_vs_gaap,quarterly,2022-02-01,,,,,1.53,,,,,no_gaap_quarter
GOOGL,eps_street_vs_gaap,quarterly,2021-10-26,2021-09-30,,2021.0,3.0,1.4,1.4,,,0.0,match
GOOGL,eps_street_vs_gaap,quarterly,2021-07-27,2021-06-30,,2021.0,2.0,1.36,1.36,,,0.0,match
GOOGL,eps_street_vs_gaap,quarterly,2021-04-27,2021-03-31,,2021.0,1.0,1.31,26.29,,,-0.9501711677443896,split_basis
GOOGL,eps_street_vs_gaap,quarterly,2021-02-02,,,,,1.12,,,,,no_gaap_quarter
GOOGL,eps_street_vs_gaap,quarterly,2020-10-29,2020-09-30,,2020.0,3.0,0.82,16.4,,,-0.95,split_basis
GOOGL,eps_street_vs_gaap,quarterly,2020-07-30,2020-06-30,,2020.0,2.0,0.51,10.13,,,-0.949654491609082,split_basis
GOOGL,eps_street_vs_gaap,quarterly,2020-04-28,2020-03-31,,2020.0,1.0,0.49,9.87,,,-0.9503546099290779,split_basis
GOOGL,eps_street_vs_gaap,quarterly,2020-02-03,,,,,0.77,,,,,no_gaap_quarter
GOOGL,eps_street_vs_gaap,quarterly,2019-10-28,2019-09-30,,2019.0,3.0,0.51,10.12,,,-0.949604743083004,split_basis
GOOGL,eps_street_vs_gaap,quarterly,2019-07-25,2019-06-30,,2019.0,2.0,0.71,14.21,,,-0.9500351864883884,split_basis
GOOGL,eps_street_vs_gaap,quarterly,2019-04-29,2019-03-31,,2019.0,1.0,0.6,9.5,,,-0.9368421052631579,street_vs_gaap
GOOGL,eps_street_vs_gaap,quarterly,2019-02-04,,,,,0.64,,,,,no_gaap_quarter
GOOGL,eps_street_vs_gaap,quarterly,2018-10-25,2018-09-30,,2018.0,3.0,0.65,13.06,,,-0.9502297090352221,split_basis
GOOGL,eps_street_vs_gaap,quarterly,2018-07-23,2018-06-30,,2018.0,2.0,0.23,4.54,,,-0.9493392070484581,split_basis
GOOGL,eps_street_vs_gaap,quarterly,2018-04-23,2018-03-31,,2018.0,1.0,0.47,13.33,,,-0.964741185296324,street_vs_gaap
GOOGL,eps_street_vs_gaap,quarterly,2018-02-01,,,,,0.49,,,,,no_gaap_quarter
META,eps_street_vs_gaap,quarterly,2026-07-29,2026-06-30,,2026.0,2.0,6.18,6.18,,,0.0,match
META,eps_street_vs_gaap,quarterly,2026-04-29,2026-03-31,,2026.0,1.0,7.31,10.44,,,-0.299808429118774,street_vs_gaap
META,eps_street_vs_gaap,quarterly,2026-01-28,,,,,8.88,,,,,no_gaap_quarter
META,eps_street_vs_gaap,quarterly,2025-10-29,2025-09-30,,2025.0,3.0,7.25,1.05,,,5.904761904761905,street_vs_gaap
META,eps_street_vs_gaap,quarterly,2025-07-30,2025-06-30,,2025.0,2.0,7.14,7.14,,,0.0,match
META,eps_street_vs_gaap,quarterly,2025-04-30,2025-03-31,,2025.0,1.0,6.43,6.43,,,0.0,match
META,eps_street_vs_gaap,quarterly,2025-01-29,,,,,8.02,,,,,no_gaap_quarter
META,eps_street_vs_gaap,quarterly,2024-10-30,2024-09-30,,2024.0,3.0,6.03,6.03,,,0.0,match
META,eps_street_vs_gaap,quarterly,2024-07-31,2024-06-30,,2024.0,2.0,5.16,5.16,,,0.0,match
META,eps_street_vs_gaap,quarterly,2024-04-24,2024-03-31,,2024.0,1.0,4.71,4.71,,,0.0,match
META,eps_street_vs_gaap,quarterly,2024-02-01,,,,,5.33,,,,,no_gaap_quarter
META,eps_street_vs_gaap,quarterly,2023-10-25,2023-09-30,,2023.0,3.0,4.39,4.39,,,0.0,match
META,eps_street_vs_gaap,quarterly,2023-07-26,2023-06-30,,2023.0,2.0,2.98,2.98,,,0.0,match
META,eps_street_vs_gaap,quarterly,2023-04-26,2023-03-31,,2023.0,1.0,2.2,2.2,,,0.0,match
META,eps_street_vs_gaap,quarterly,2023-02-01,,,,,1.76,,,,,no_gaap_quarter
META,eps_street_vs_gaap,quarterly,2022-10-26,2022-09-30,,2022.0,3.0,1.64,1.64,,,0.0,match
META,eps_street_vs_gaap,quarterly,2022-07-27,2022-06-30,,2022.0,2.0,2.46,2.46,,,0.0,match
META,eps_street_vs_gaap,quarterly,2022-04-27,2022-03-31,,2022.0,1.0,2.72,2.72,,,0.0,match
META,eps_street_vs_gaap,quarterly,2022-02-02,,,,,3.67,,,,,no_gaap_quarter
META,eps_street_vs_gaap,quarterly,2021-10-25,2021-09-30,,2021.0,3.0,3.22,3.22,,,0.0,match
META,eps_street_vs_gaap,quarterly,2021-07-28,2021-06-30,,2021.0,2.0,3.61,3.61,,,0.0,match
META,eps_street_vs_gaap,quarterly,2021-04-28,2021-03-31,,2021.0,1.0,3.3,3.3,,,0.0,match
META,eps_street_vs_gaap,quarterly,2021-01-27,,,,,3.88,,,,,no_gaap_quarter
META,eps_street_vs_gaap,quarterly,2020-10-29,2020-09-30,,2020.0,3.0,2.4,2.71,,,-0.11439114391143913,street_vs_gaap
META,eps_street_vs_gaap,quarterly,2020-07-30,2020-06-30,,2020.0,2.0,1.8,1.8,,,0.0,match
META,eps_street_vs_gaap,quarterly,2020-04-29,2020-03-31,,2020.0,1.0,1.71,1.71,,,0.0,match
META,eps_street_vs_gaap,quarterly,2020-01-29,,,,,2.56,,,,,no_gaap_quarter
META,eps_street_vs_gaap,quarterly,2019-10-30,2019-09-30,,2019.0,3.0,2.12,2.12,,,0.0,match
META,eps_street_vs_gaap,quarterly,2019-07-24,2019-06-30,,2019.0,2.0,1.99,0.91,,,1.1868131868131868,street_vs_gaap
META,eps_street_vs_gaap,quarterly,2019-04-24,2019-03-31,,2019.0,1.0,0.85,0.85,,,0.0,match
META,eps_street_vs_gaap,quarterly,2019-01-30,,,,,2.38,,,,,no_gaap_quarter
META,eps_street_vs_gaap,quarterly,2018-10-30,2018-09-30,,2018.0,3.0,1.76,1.76,,,0.0,match
META,eps_street_vs_gaap,quarterly,2018-07-25,2018-06-30,,2018.0,2.0,1.74,1.74,,,0.0,match
META,eps_street_vs_gaap,quarterly,2018-04-25,2018-03-31,,2018.0,1.0,1.69,1.69,,,0.0,match
META,eps_street_vs_gaap,quarterly,2018-01-31,,,,,2.21,,,,,no_gaap_quarter
NFLX,eps_street_vs_gaap,quarterly,2026-07-16,2026-06-30,,2026.0,2.0,0.8,0.8,,,0.0,match
NFLX,eps_street_vs_gaap,quarterly,2026-04-16,2026-03-31,,2026.0,1.0,1.23,1.23,,,0.0,match
NFLX,eps_street_vs_gaap,quarterly,2026-01-20,,,,,0.56,,,,,no_gaap_quarter
NFLX,eps_street_vs_gaap,quarterly,2025-10-21,2025-09-30,,2025.0,3.0,0.59,5.87,,,-0.899488926746167,split_basis
NFLX,eps_street_vs_gaap,quarterly,2025-07-17,2025-06-30,,2025.0,2.0,0.72,0.72,,,0.0,match
NFLX,eps_street_vs_gaap,quarterly,2025-04-17,2025-03-31,,2025.0,1.0,0.66,0.66,,,0.0,match
NFLX,eps_street_vs_gaap,quarterly,2025-01-21,,,,,0.43,,,,,no_gaap_quarter
NFLX,eps_street_vs_gaap,quarterly,2024-10-17,2024-09-30,,2024.0,3.0,0.54,5.4,,,-0.9,split_basis
NFLX,eps_street_vs_gaap,quarterly,2024-07-18,2024-06-30,,2024.0,2.0,0.49,4.88,,,-0.8995901639344261,split_basis
NFLX,eps_street_vs_gaap,quarterly,2024-04-18,2024-03-31,,2024.0,1.0,0.53,5.28,,,-0.899621212121212,split_basis
NFLX,eps_street_vs_gaap,quarterly,2024-01-23,,,,,0.21,,,,,no_gaap_quarter
NFLX,eps_street_vs_gaap,quarterly,2023-10-18,2023-09-30,,2023.0,3.0,0.37,3.73,,,-0.9008042895442359,split_basis
NFLX,eps_street_vs_gaap,quarterly,2023-07-19,2023-06-30,,2023.0,2.0,0.33,3.29,,,-0.8996960486322189,split_basis
NFLX,eps_street_vs_gaap,quarterly,2023-04-18,2023-03-31,,2023.0,1.0,0.29,2.88,,,-0.8993055555555556,split_basis
NFLX,eps_street_vs_gaap,quarterly,2023-01-19,,,,,0.01,,,,,no_gaap_quarter
NFLX,eps_street_vs_gaap,quarterly,2022-10-18,2022-09-30,,2022.0,3.0,0.31,3.1,,,-0.9,split_basis
NFLX,eps_street_vs_gaap,quarterly,2022-07-19,2022-06-30,,2022.0,2.0,0.32,3.2,,,-0.9,split_basis
NFLX,eps_street_vs_gaap,quarterly,2022-04-19,2022-03-31,,2022.0,1.0,0.35,3.53,,,-0.9008498583569404,split_basis
NFLX,eps_street_vs_gaap,quarterly,2022-01-20,,,,,0.13,,,,,no_gaap_quarter
NFLX,eps_street_vs_gaap,quarterly,2021-10-19,2021-09-30,,2021.0,3.0,0.32,3.19,,,-0.8996865203761756,split_basis
NFLX,eps_street_vs_gaap,quarterly,2021-07-20,2021-06-30,,2021.0,2.0,0.3,2.97,,,-0.898989898989899,split_basis
NFLX,eps_street_vs_gaap,quarterly,2021-04-20,2021-03-31,,2021.0,1.0,0.38,3.75,,,-0.8986666666666667,split_basis
NFLX,eps_street_vs_gaap,quarterly,2021-01-19,2020-12-31,,2020.0,4.0,0.12,1.19,,,-0.8991596638655461,split_basis
NFLX,eps_street_vs_gaap,quarterly,2020-10-20,2020-09-30,,2020.0,3.0,0.17,1.74,,,-0.9022988505747127,split_basis
NFLX,eps_street_vs_gaap,quarterly,2020-07-16,2020-06-30,,2020.0,2.0,0.16,1.59,,,-0.89937106918239,split_basis
NFLX,eps_street_vs_gaap,quarterly,2020-04-21,2020-03-31,,2020.0,1.0,0.16,1.57,,,-0.8980891719745223,split_basis
NFLX,eps_street_vs_gaap,quarterly,2020-01-21,2019-12-31,,2019.0,4.0,0.13,1.3,,,-0.8999999999999999,split_basis
NFLX,eps_street_vs_gaap,quarterly,2019-10-16,2019-09-30,,2019.0,3.0,0.15,1.47,,,-0.8979591836734695,split_basis
NFLX,eps_street_vs_gaap,quarterly,2019-07-17,2019-06-30,,2019.0,2.0,0.06,0.6,,,-0.9000000000000001,split_basis
NFLX,eps_street_vs_gaap,quarterly,2019-04-16,2019-03-31,,2019.0,1.0,0.08,0.76,,,-0.8947368421052632,split_basis
NFLX,eps_street_vs_gaap,quarterly,2019-01-17,2018-12-31,,2018.0,4.0,0.03,0.3,,,-0.9000000000000001,split_basis
NFLX,eps_street_vs_gaap,quarterly,2018-10-16,2018-09-30,,2018.0,3.0,0.09,0.89,,,-0.8988764044943821,split_basis
NFLX,eps_street_vs_gaap,quarterly,2018-07-16,2018-06-30,,2018.0,2.0,0.09,0.85,,,-0.8941176470588236,split_basis
NFLX,eps_street_vs_gaap,quarterly,2018-04-16,2018-03-31,,2018.0,1.0,0.06,0.64,,,-0.9062500000000001,split_basis
NFLX,eps_street_vs_gaap,quarterly,2018-01-22,2017-12-31,,2017.0,4.0,0.04,0.41,,,-0.9024390243902439,split_basis
AMZN,eps_street_vs_gaap,quarterly,2026-07-30,2026-06-30,,2026.0,2.0,5.75,5.75,,,0.0,match
AMZN,eps_street_vs_gaap,quarterly,2026-04-29,2026-03-31,,2026.0,1.0,2.78,2.78,,,0.0,match
AMZN,eps_street_vs_gaap,quarterly,2026-02-05,,,,,1.95,,,,,no_gaap_quarter
AMZN,eps_street_vs_gaap,quarterly,2025-10-30,2025-09-30,,2025.0,3.0,1.95,1.95,,,0.0,match
AMZN,eps_street_vs_gaap,quarterly,2025-07-31,2025-06-30,,2025.0,2.0,1.68,1.68,,,0.0,match
AMZN,eps_street_vs_gaap,quarterly,2025-05-01,2025-03-31,,2025.0,1.0,1.59,1.59,,,0.0,match
AMZN,eps_street_vs_gaap,quarterly,2025-02-06,,,,,1.86,,,,,no_gaap_quarter
AMZN,eps_street_vs_gaap,quarterly,2024-10-31,2024-09-30,,2024.0,3.0,1.43,1.43,,,0.0,match
AMZN,eps_street_vs_gaap,quarterly,2024-08-01,2024-06-30,,2024.0,2.0,1.26,1.26,,,0.0,match
AMZN,eps_street_vs_gaap,quarterly,2024-04-30,2024-03-31,,2024.0,1.0,0.98,0.98,,,0.0,match
AMZN,eps_street_vs_gaap,quarterly,2024-02-01,,,,,1.0,,,,,no_gaap_quarter
AMZN,eps_street_vs_gaap,quarterly,2023-10-26,2023-09-30,,2023.0,3.0,0.94,0.94,,,0.0,match
AMZN,eps_street_vs_gaap,quarterly,2023-08-03,2023-06-30,,2023.0,2.0,0.65,0.65,,,0.0,match
AMZN,eps_street_vs_gaap,quarterly,2023-04-27,2023-03-31,,2023.0,1.0,0.31,0.31,,,0.0,match
AMZN,eps_street_vs_gaap,quarterly,2023-02-02,,,,,0.03,,,,,no_gaap_quarter
AMZN,eps_street_vs_gaap,quarterly,2022-10-27,2022-09-30,,2022.0,3.0,0.28,0.28,,,0.0,match
AMZN,eps_street_vs_gaap,quarterly,2022-07-28,2022-06-30,,2022.0,2.0,-0.2,-0.2,,,0.0,match
AMZN,eps_street_vs_gaap,quarterly,2022-04-28,2022-03-31,,2022.0,1.0,-0.38,-0.38,,,0.0,match
AMZN,eps_street_vs_gaap,quarterly,2022-02-03,,,,,1.39,,,,,no_gaap_quarter
AMZN,eps_street_vs_gaap,quarterly,2021-10-28,2021-09-30,,2021.0,3.0,0.31,0.31,,,0.0,match
AMZN,eps_street_vs_gaap,quarterly,2021-07-29,2021-06-30,,2021.0,2.0,0.76,0.76,,,0.0,match
AMZN,eps_street_vs_gaap,quarterly,2021-04-29,2021-03-31,,2021.0,1.0,0.79,15.79,,,-0.9499683343888538,split_basis
AMZN,eps_street_vs_gaap,quarterly,2021-02-02,2020-12-31,,2020.0,4.0,0.7,14.09,,,-0.950319375443577,split_basis
AMZN,eps_street_vs_gaap,quarterly,2020-10-29,2020-09-30,,2020.0,3.0,0.62,12.37,,,-0.9498787388843978,split_basis
AMZN,eps_street_vs_gaap,quarterly,2020-07-30,2020-06-30,,2020.0,2.0,0.52,10.3,,,-0.9495145631067962,split_basis
AMZN,eps_street_vs_gaap,quarterly,2020-04-30,2020-03-31,,2020.0,1.0,0.25,5.01,,,-0.9500998003992016,split_basis
AMZN,eps_street_vs_gaap,quarterly,2020-01-30,2019-12-31,,2019.0,4.0,0.32,6.47,,,-0.9505409582689335,split_basis
AMZN,eps_street_vs_gaap,quarterly,2019-10-24,2019-09-30,,2019.0,3.0,0.21,4.23,,,-0.950354609929078,split_basis
AMZN,eps_street_vs_gaap,quarterly,2019-07-25,2019-06-30,,2019.0,2.0,0.26,5.22,,,-0.9501915708812261,split_basis
AMZN,eps_street_vs_gaap,quarterly,2019-04-25,2019-03-31,,2019.0,1.0,0.35,7.09,,,-0.9506346967559944,split_basis
AMZN,eps_street_vs_gaap,quarterly,2019-01-31,2018-12-31,,2018.0,4.0,0.3,6.04,,,-0.9503311258278146,split_basis
AMZN,eps_street_vs_gaap,quarterly,2018-10-25,2018-09-30,,2018.0,3.0,0.29,5.75,,,-0.9495652173913044,split_basis
AMZN,eps_street_vs_gaap,quarterly,2018-07-26,2018-06-30,,2018.0,2.0,0.25,5.07,,,-0.9506903353057199,split_basis
AMZN,eps_street_vs_gaap,quarterly,2018-04-26,2018-03-31,,2018.0,1.0,0.16,3.27,,,-0.9510703363914372,split_basis
AMZN,eps_street_vs_gaap,quarterly,2018-02-01,2017-12-31,,2017.0,4.0,0.11,3.75,,,-0.9706666666666667,street_vs_gaap
HD,eps_street_vs_gaap,quarterly,2026-08-18,2026-08-02,,2026.0,2.0,4.92,4.79,,,0.027139874739039643,street_vs_gaap
HD,eps_street_vs_gaap,quarterly,2026-05-19,2026-05-03,,2026.0,1.0,3.43,3.3,,,0.039393939393939495,street_vs_gaap
HD,eps_street_vs_gaap,quarterly,2026-02-24,,,,,2.72,,,,,no_gaap_quarter
HD,eps_street_vs_gaap,quarterly,2025-11-18,2025-11-02,,2025.0,3.0,3.74,3.62,,,0.03314917127071826,street_vs_gaap
HD,eps_street_vs_gaap,quarterly,2025-08-19,2025-08-03,,2025.0,2.0,4.68,4.58,,,0.0218340611353711,street_vs_gaap
HD,eps_street_vs_gaap,quarterly,2025-05-20,2025-05-04,,2025.0,1.0,3.56,3.45,,,0.03188405797101446,street_vs_gaap
HD,eps_street_vs_gaap,quarterly,2025-02-25,,,,,3.02,,,,,no_gaap_quarter
HD,eps_street_vs_gaap,quarterly,2024-11-12,2024-10-27,,2024.0,3.0,3.67,3.67,,,0.0,match
HD,eps_street_vs_gaap,quarterly,2024-08-13,2024-07-28,,2024.0,2.0,4.6,4.6,,,0.0,match
HD,eps_street_vs_gaap,quarterly,2024-05-14,2024-04-28,,2024.0,1.0,3.63,3.63,,,0.0,match
HD,eps_street_vs_gaap,quarterly,2024-02-20,,,,,2.82,,,,,no_gaap_quarter
HD,eps_street_vs_gaap,quarterly,2023-11-14,2023-10-29,,2023.0,3.0,3.81,3.81,,,0.0,match
HD,eps_street_vs_gaap,quarterly,2023-08-15,2023-07-30,,2023.0,2.0,4.65,4.65,,,0.0,match
HD,eps_street_vs_gaap,quarterly,2023-05-16,2023-04-30,,2023.0,1.0,3.82,3.82,,,0.0,match
HD,eps_street_vs_gaap,quarterly,2023-02-21,,,,,3.3,,,,,no_gaap_quarter
HD,eps_street_vs_gaap,quarterly,2022-11-15,2022-10-30,,2022.0,3.0,4.24,4.24,,,0.0,match
HD,eps_street_vs_gaap,quarterly,2022-08-16,2022-07-31,,2022.0,2.0,5.05,5.05,,,0.0,match
HD,eps_street_vs_gaap,quarterly,2022-05-17,2022-05-01,,2022.0,1.0,4.09,4.09,,,0.0,match
HD,eps_street_vs_gaap,quarterly,2022-02-22,,,,,3.21,,,,,no_gaap_quarter
HD,eps_street_vs_gaap,quarterly,2021-11-16,2021-10-31,,2021.0,3.0,3.92,3.92,,,0.0,match
HD,eps_street_vs_gaap,quarterly,2021-08-17,2021-08-01,,2021.0,2.0,4.53,4.53,,,0.0,match
HD,eps_street_vs_gaap,quarterly,2021-05-18,2021-05-02,,2021.0,1.0,3.86,3.86,,,0.0,match
HD,eps_street_vs_gaap,quarterly,2021-02-23,,,,,2.74,,,,,no_gaap_quarter
HD,eps_street_vs_gaap,quarterly,2020-11-17,2020-11-01,,2020.0,3.0,3.18,3.18,,,0.0,match
HD,eps_street_vs_gaap,quarterly,2020-08-18,2020-08-02,,2020.0,2.0,4.02,4.02,,,0.0,match
HD,eps_street_vs_gaap,quarterly,2020-05-19,2020-05-03,,2020.0,1.0,2.08,2.08,,,0.0,match
HD,eps_street_vs_gaap,quarterly,2020-02-25,2020-02-02,,2019.0,4.0,2.28,2.28,,,0.0,match
HD,eps_street_vs_gaap,quarterly,2019-11-19,2019-11-03,,2019.0,3.0,2.53,2.53,,,0.0,match
HD,eps_street_vs_gaap,quarterly,2019-08-20,2019-08-04,,2019.0,2.0,3.17,3.17,,,0.0,match
HD,eps_street_vs_gaap,quarterly,2019-05-21,2019-05-05,,2019.0,1.0,2.27,2.27,,,0.0,match
HD,eps_street_vs_gaap,quarterly,2019-02-26,2019-02-03,,2018.0,4.0,2.25,2.09,,,0.07655502392344504,street_vs_gaap
HD,eps_street_vs_gaap,quarterly,2018-11-13,2018-10-28,,2018.0,3.0,2.51,2.51,,,0.0,match
HD,eps_street_vs_gaap,quarterly,2018-08-14,2018-07-29,,2018.0,2.0,3.05,3.05,,,0.0,match
HD,eps_street_vs_gaap,quarterly,2018-05-15,2018-04-29,,2018.0,1.0,2.08,2.08,,,0.0,match
HD,eps_street_vs_gaap,quarterly,2018-02-20,2018-01-28,,2017.0,4.0,1.69,1.52,,,0.11184210526315784,street_vs_gaap
NKE,eps_street_vs_gaap,quarterly,2026-06-30,,,,,0.72,,,,,no_gaap_quarter
NKE,eps_street_vs_gaap,quarterly,2026-03-31,2026-02-28,,2026.0,3.0,0.35,0.35,,,0.0,match
NKE,eps_street_vs_gaap,quarterly,2025-12-18,2025-11-30,,2026.0,2.0,0.53,0.53,,,0.0,match
NKE,eps_street_vs_gaap,quarterly,2025-09-30,2025-08-31,,2026.0,1.0,0.49,0.49,,,0.0,match
NKE,eps_street_vs_gaap,quarterly,2025-06-26,,,,,0.14,,,,,no_gaap_quarter
NKE,eps_street_vs_gaap,quarterly,2025-03-20,2025-02-28,,2025.0,3.0,0.54,0.54,,,0.0,match
NKE,eps_street_vs_gaap,quarterly,2024-12-19,2024-11-30,,2025.0,2.0,0.78,0.78,,,0.0,match
NKE,eps_street_vs_gaap,quarterly,2024-10-01,2024-08-31,,2025.0,1.0,0.7,0.7,,,0.0,match
NKE,eps_street_vs_gaap,quarterly,2024-06-27,,,,,0.99,,,,,no_gaap_quarter
NKE,eps_street_vs_gaap,quarterly,2024-03-21,2024-02-29,,2024.0,3.0,0.98,0.77,,,0.27272727272727265,street_vs_gaap
NKE,eps_street_vs_gaap,quarterly,2023-12-21,2023-11-30,,2024.0,2.0,1.03,1.03,,,0.0,match
NKE,eps_street_vs_gaap,quarterly,2023-09-28,2023-08-31,,2024.0,1.0,0.94,0.94,,,0.0,match
NKE,eps_street_vs_gaap,quarterly,2023-06-29,,,,,0.66,,,,,no_gaap_quarter
NKE,eps_street_vs_gaap,quarterly,2023-03-21,2023-02-28,,2023.0,3.0,0.79,0.79,,,0.0,match
NKE,eps_street_vs_gaap,quarterly,2022-12-20,2022-11-30,,2023.0,2.0,0.85,0.85,,,0.0,match
NKE,eps_street_vs_gaap,quarterly,2022-09-29,2022-08-31,,2023.0,1.0,0.93,0.93,,,0.0,match
NKE,eps_street_vs_gaap,quarterly,2022-06-27,,,,,0.9,,,,,no_gaap_quarter
NKE,eps_street_vs_gaap,quarterly,2022-03-21,2022-02-28,,2022.0,3.0,0.87,0.87,,,0.0,match
NKE,eps_street_vs_gaap,quarterly,2021-12-20,2021-11-30,,2022.0,2.0,0.83,0.83,,,0.0,match
NKE,eps_street_vs_gaap,quarterly,2021-09-23,2021-08-31,,2022.0,1.0,1.16,1.16,,,0.0,match
NKE,eps_street_vs_gaap,quarterly,2021-06-24,,,,,0.93,,,,,no_gaap_quarter
NKE,eps_street_vs_gaap,quarterly,2021-03-18,2021-02-28,,2021.0,3.0,0.9,0.9,,,0.0,match
NKE,eps_street_vs_gaap,quarterly,2020-12-18,2020-11-30,,2021.0,2.0,0.78,0.78,,,0.0,match
NKE,eps_street_vs_gaap,quarterly,2020-09-22,2020-08-31,,2021.0,1.0,0.95,0.95,,,0.0,match
NKE,eps_street_vs_gaap,quarterly,2020-06-25,,,,,-0.51,,,,,no_gaap_quarter
NKE,eps_street_vs_gaap,quarterly,2020-03-24,2020-02-29,,2020.0,3.0,0.78,0.53,,,0.4716981132075471,street_vs_gaap
NKE,eps_street_vs_gaap,quarterly,2019-12-19,2019-11-30,,2020.0,2.0,0.7,0.7,,,0.0,match
NKE,eps_street_vs_gaap,quarterly,2019-09-24,2019-08-31,,2020.0,1.0,0.86,0.86,,,0.0,match
NKE,eps_street_vs_gaap,quarterly,2019-06-27,,,,,0.62,,,,,no_gaap_quarter
NKE,eps_street_vs_gaap,quarterly,2019-03-21,2019-02-28,,2019.0,3.0,0.68,0.68,,,0.0,match
NKE,eps_street_vs_gaap,quarterly,2018-12-20,2018-11-30,,2019.0,2.0,0.52,0.52,,,0.0,match
NKE,eps_street_vs_gaap,quarterly,2018-09-25,2018-08-31,,2019.0,1.0,0.67,0.67,,,0.0,match
NKE,eps_street_vs_gaap,quarterly,2018-06-28,,,,,0.69,,,,,no_gaap_quarter
NKE,eps_street_vs_gaap,quarterly,2018-03-22,2018-02-28,,2018.0,3.0,0.68,-0.57,,,2.192982456140351,street_vs_gaap
WMT,eps_street_vs_gaap,quarterly,2026-08-20,2026-07-31,,2027.0,2.0,0.81,0.8,,,0.012500000000000011,match
WMT,eps_street_vs_gaap,quarterly,2026-05-21,2026-04-30,,2027.0,1.0,0.66,0.67,,,-0.01492537313432837,match
WMT,eps_street_vs_gaap,quarterly,2026-02-19,,,,,0.74,,,,,no_gaap_quarter
WMT,eps_street_vs_gaap,quarterly,2025-11-20,2025-10-31,,2026.0,3.0,0.62,0.77,,,-0.19480519480519484,street_vs_gaap
WMT,eps_street_vs_gaap,quarterly,2025-08-21,2025-07-31,,2026.0,2.0,0.68,0.88,,,-0.2272727272727272,street_vs_gaap
WMT,eps_street_vs_gaap,quarterly,2025-05-15,2025-04-30,,2026.0,1.0,0.61,0.56,,,0.08928571428571416,street_vs_gaap
WMT,eps_street_vs_gaap,quarterly,2025-02-20,,,,,0.66,,,,,no_gaap_quarter
WMT,eps_street_vs_gaap,quarterly,2024-11-19,2024-10-31,,2025.0,3.0,0.58,0.57,,,0.017543859649122823,match
WMT,eps_street_vs_gaap,quarterly,2024-08-15,2024-07-31,,2025.0,2.0,0.67,0.56,,,0.1964285714285714,street_vs_gaap
WMT,eps_street_vs_gaap,quarterly,2024-05-16,2024-04-30,,2025.0,1.0,0.6,0.63,,,-0.04761904761904766,street_vs_gaap
WMT,eps_street_vs_gaap,quarterly,2024-02-20,,,,,0.6,,,,,no_gaap_quarter
WMT,eps_street_vs_gaap,quarterly,2023-11-16,2023-10-31,,2024.0,3.0,0.51,0.06,,,7.500000000000001,street_vs_gaap
WMT,eps_street_vs_gaap,quarterly,2023-08-17,2023-07-31,,2024.0,2.0,0.61,0.97,,,-0.3711340206185567,street_vs_gaap
WMT,eps_street_vs_gaap,quarterly,2023-05-18,2023-04-30,,2024.0,1.0,0.49,0.21,,,1.3333333333333335,street_vs_gaap
WMT,eps_street_vs_gaap,quarterly,2023-02-21,,,,,0.57,,,,,no_gaap_quarter
WMT,eps_street_vs_gaap,quarterly,2022-11-15,2022-10-31,,2023.0,3.0,0.5,-0.66,,,1.7575757575757578,street_vs_gaap
WMT,eps_street_vs_gaap,quarterly,2022-08-16,2022-07-31,,2023.0,2.0,0.59,1.88,,,-0.6861702127659575,street_vs_gaap
WMT,eps_street_vs_gaap,quarterly,2022-05-17,2022-04-30,,2023.0,1.0,0.43,0.74,,,-0.4189189189189189,street_vs_gaap
WMT,eps_street_vs_gaap,quarterly,2022-02-17,,,,,0.51,,,,,no_gaap_quarter
WMT,eps_street_vs_gaap,quarterly,2021-11-16,2021-10-31,,2022.0,3.0,0.48,1.11,,,-0.5675675675675677,street_vs_gaap
WMT,eps_street_vs_gaap,quarterly,2021-08-17,2021-07-31,,2022.0,2.0,0.59,1.52,,,-0.611842105263158,street_vs_gaap
WMT,eps_street_vs_gaap,quarterly,2021-05-18,2021-04-30,,2022.0,1.0,0.56,0.97,,,-0.42268041237113396,street_vs_gaap
WMT,eps_street_vs_gaap,quarterly,2021-02-18,,,,,0.46,,,,,no_gaap_quarter
WMT,eps_street_vs_gaap,quarterly,2020-11-17,2020-10-31,,2021.0,3.0,0.45,1.8,,,-0.75,unrecorded_basis_change
WMT,eps_street_vs_gaap,quarterly,2020-08-18,2020-07-31,,2021.0,2.0,0.52,2.27,,,-0.7709251101321586,street_vs_gaap
WMT,eps_street_vs_gaap,quarterly,2020-05-19,2020-04-30,,2021.0,1.0,0.39,1.4,,,-0.7214285714285713,street_vs_gaap
WMT,eps_street_vs_gaap,quarterly,2020-02-18,2020-01-31,,2020.0,4.0,0.46,1.45,,,-0.6827586206896552,street_vs_gaap
WMT,eps_street_vs_gaap,quarterly,2019-11-14,2019-10-31,,2020.0,3.0,0.39,1.15,,,-0.6608695652173913,split_basis
WMT,eps_street_vs_gaap,quarterly,2019-08-15,2019-07-31,,2020.0,2.0,0.42,1.26,,,-0.6666666666666667,split_basis
WMT,eps_street_vs_gaap,quarterly,2019-05-16,2019-04-30,,2020.0,1.0,0.38,1.33,,,-0.7142857142857143,street_vs_gaap
WMT,eps_street_vs_gaap,quarterly,2019-02-19,2019-01-31,,2019.0,4.0,0.47,1.27,,,-0.6299212598425197,street_vs_gaap
WMT,eps_street_vs_gaap,quarterly,2018-11-15,2018-10-31,,2019.0,3.0,0.36,0.58,,,-0.3793103448275862,street_vs_gaap
WMT,eps_street_vs_gaap,quarterly,2018-08-16,2018-07-31,,2019.0,2.0,0.43,-0.29,,,2.4827586206896552,street_vs_gaap
WMT,eps_street_vs_gaap,quarterly,2018-05-17,2018-04-30,,2019.0,1.0,0.38,0.72,,,-0.4722222222222222,street_vs_gaap
WMT,eps_street_vs_gaap,quarterly,2018-02-20,2018-01-31,,2018.0,4.0,0.44,0.73,,,-0.3972602739726027,street_vs_gaap
PG,eps_street_vs_gaap,quarterly,2026-07-29,,,,,1.43,,,,,no_gaap_quarter
PG,eps_street_vs_gaap,quarterly,2026-04-24,2026-03-31,,2026.0,3.0,1.59,1.63,,,-0.024539877300613383,street_vs_gaap
PG,eps_street_vs_gaap,quarterly,2026-01-22,2025-12-31,,2026.0,2.0,1.88,1.78,,,0.0561797752808988,street_vs_gaap
PG,eps_street_vs_gaap,quarterly,2025-10-24,2025-09-30,,2026.0,1.0,1.99,1.95,,,0.02051282051282053,street_vs_gaap
PG,eps_street_vs_gaap,quarterly,2025-07-29,,,,,1.48,,,,,no_gaap_quarter
PG,eps_street_vs_gaap,quarterly,2025-04-24,2025-03-31,,2025.0,3.0,1.54,1.54,,,0.0,match
PG,eps_street_vs_gaap,quarterly,2025-01-22,2024-12-31,,2025.0,2.0,1.88,1.88,,,0.0,match
PG,eps_street_vs_gaap,quarterly,2024-10-18,2024-09-30,,2025.0,1.0,1.93,1.61,,,0.19875776397515516,street_vs_gaap
PG,eps_street_vs_gaap,quarterly,2024-07-30,,,,,1.4,,,,,no_gaap_quarter
PG,eps_street_vs_gaap,quarterly,2024-04-19,2024-03-31,,2024.0,3.0,1.52,1.52,,,0.0,match
PG,eps_street_vs_gaap,quarterly,2024-01-23,2023-12-31,,2024.0,2.0,1.84,1.4,,,0.31428571428571445,street_vs_gaap
PG,eps_street_vs_gaap,quarterly,2023-10-18,2023-09-30,,2024.0,1.0,1.83,1.83,,,0.0,match
PG,eps_street_vs_gaap,quarterly,2023-07-28,,,,,1.37,,,,,no_gaap_quarter
PG,eps_street_vs_gaap,quarterly,2023-04-21,2023-03-31,,2023.0,3.0,1.37,1.37,,,0.0,match
PG,eps_street_vs_gaap,quarterly,2023-01-19,2022-12-31,,2023.0,2.0,1.59,1.59,,,0.0,match
PG,eps_street_vs_gaap,quarterly,2022-10-19,2022-09-30,,2023.0,1.0,1.57,1.57,,,0.0,match
PG,eps_street_vs_gaap,quarterly,2022-07-29,,,,,1.21,,,,,no_gaap_quarter
PG,eps_street_vs_gaap,quarterly,2022-04-20,2022-03-31,,2022.0,3.0,1.33,1.33,,,0.0,match
PG,eps_street_vs_gaap,quarterly,2022-01-19,2021-12-31,,2022.0,2.0,1.66,1.66,,,0.0,match
PG,eps_street_vs_gaap,quarterly,2021-10-19,2021-09-30,,2022.0,1.0,1.61,1.61,,,0.0,match
PG,eps_street_vs_gaap,quarterly,2021-07-30,,,,,1.13,,,,,no_gaap_quarter
PG,eps_street_vs_gaap,quarterly,2021-04-20,2021-03-31,,2021.0,3.0,1.26,1.26,,,0.0,match
PG,eps_street_vs_gaap,quarterly,2021-01-20,2020-12-31,,2021.0,2.0,1.64,1.47,,,0.11564625850340131,street_vs_gaap
PG,eps_street_vs_gaap,quarterly,2020-10-20,2020-09-30,,2021.0,1.0,1.63,1.63,,,0.0,match
PG,eps_street_vs_gaap,quarterly,2020-07-30,2020-06-30,,2020.0,4.0,1.16,1.07,,,0.08411214953271014,street_vs_gaap
PG,eps_street_vs_gaap,quarterly,2020-04-17,2020-03-31,,2020.0,3.0,1.17,1.12,,,0.04464285714285698,street_vs_gaap
PG,eps_street_vs_gaap,quarterly,2020-01-23,2019-12-31,,2020.0,2.0,1.42,1.41,,,0.0070921985815602905,match
PG,eps_street_vs_gaap,quarterly,2019-10-22,2019-09-30,,2020.0,1.0,1.37,1.36,,,0.007352941176470594,match
PG,eps_street_vs_gaap,quarterly,2019-07-30,2019-06-30,,2019.0,4.0,1.1,-2.12,,,1.5188679245283019,street_vs_gaap
PG,eps_street_vs_gaap,quarterly,2019-04-23,2019-03-31,,2019.0,3.0,1.06,1.04,,,0.019230769230769246,street_vs_gaap
PG,eps_street_vs_gaap,quarterly,2019-01-23,2018-12-31,,2019.0,2.0,1.25,1.22,,,0.024590163934426253,street_vs_gaap
PG,eps_street_vs_gaap,quarterly,2018-10-19,2018-09-30,,2019.0,1.0,1.12,1.22,,,-0.081967213114754,street_vs_gaap
PG,eps_street_vs_gaap,quarterly,2018-07-31,2018-06-30,,2018.0,4.0,0.94,0.72,,,0.3055555555555555,street_vs_gaap
PG,eps_street_vs_gaap,quarterly,2018-04-19,2018-03-31,,2018.0,3.0,1.0,0.95,,,0.052631578947368474,street_vs_gaap
PG,eps_street_vs_gaap,quarterly,2018-01-23,2017-12-31,,2018.0,2.0,1.19,0.93,,,0.27956989247311814,street_vs_gaap
KO,eps_street_vs_gaap,quarterly,2026-07-28,,,,,0.97,,,,,no_gaap_quarter
KO,eps_street_vs_gaap,quarterly,2026-04-28,2026-04-03,,2026.0,1.0,0.86,0.91,,,-0.05494505494505499,street_vs_gaap
KO,eps_street_vs_gaap,quarterly,2026-02-10,,,,,0.58,,,,,no_gaap_quarter
KO,eps_street_vs_gaap,quarterly,2025-10-21,2025-09-26,,2025.0,3.0,0.82,0.86,,,-0.046511627906976785,street_vs_gaap
KO,eps_street_vs_gaap,quarterly,2025-07-22,2025-06-27,,2025.0,2.0,0.87,0.88,,,-0.011363636363636374,match
KO,eps_street_vs_gaap,quarterly,2025-04-29,2025-03-28,,2025.0,1.0,0.73,0.77,,,-0.05194805194805199,street_vs_gaap
KO,eps_street_vs_gaap,quarterly,2025-02-11,,,,,0.55,,,,,no_gaap_quarter
KO,eps_street_vs_gaap,quarterly,2024-10-23,2024-09-27,,2024.0,3.0,0.77,0.66,,,0.16666666666666663,street_vs_gaap
KO,eps_street_vs_gaap,quarterly,2024-07-23,2024-06-28,,2024.0,2.0,0.84,0.56,,,0.4999999999999998,street_vs_gaap
KO,eps_street_vs_gaap,quarterly,2024-04-30,2024-03-29,,2024.0,1.0,0.72,0.74,,,-0.027027027027027053,street_vs_gaap
KO,eps_street_vs_gaap,quarterly,2024-02-13,,,,,0.49,,,,,no_gaap_quarter
KO,eps_street_vs_gaap,quarterly,2023-10-24,2023-09-29,,2023.0,3.0,0.74,0.71,,,0.042253521126760604,street_vs_gaap
KO,eps_street_vs_gaap,quarterly,2023-07-26,2023-06-30,,2023.0,2.0,0.78,0.59,,,0.3220338983050849,street_vs_gaap
KO,eps_street_vs_gaap,quarterly,2023-04-24,2023-03-31,,2023.0,1.0,0.68,0.72,,,-0.055555555555555455,street_vs_gaap
KO,eps_street_vs_gaap,quarterly,2023-02-14,,,,,0.45,,,,,no_gaap_quarter
KO,eps_street_vs_gaap,quarterly,2022-10-25,2022-09-30,,2022.0,3.0,0.69,0.65,,,0.06153846153846142,street_vs_gaap
KO,eps_street_vs_gaap,quarterly,2022-07-26,2022-07-01,,2022.0,2.0,0.7,0.44,,,0.5909090909090908,street_vs_gaap
KO,eps_street_vs_gaap,quarterly,2022-04-25,2022-04-01,,2022.0,1.0,0.64,0.64,,,0.0,match
KO,eps_street_vs_gaap,quarterly,2022-02-10,,,,,0.45,,,,,no_gaap_quarter
KO,eps_street_vs_gaap,quarterly,2021-10-27,2021-10-01,,2021.0,3.0,0.65,0.57,,,0.1403508771929826,street_vs_gaap
KO,eps_street_vs_gaap,quarterly,2021-07-21,2021-07-02,,2021.0,2.0,0.68,0.61,,,0.11475409836065584,street_vs_gaap
KO,eps_street_vs_gaap,quarterly,2021-04-19,2021-04-02,,2021.0,1.0,0.55,0.52,,,0.057692307692307744,street_vs_gaap
KO,eps_street_vs_gaap,quarterly,2021-02-10,,,,,0.47,,,,,no_gaap_quarter
KO,eps_street_vs_gaap,quarterly,2020-10-22,2020-09-25,,2020.0,3.0,0.55,0.4,,,0.37500000000000006,street_vs_gaap
KO,eps_street_vs_gaap,quarterly,2020-07-21,2020-06-26,,2020.0,2.0,0.42,0.41,,,0.024390243902439046,match
KO,eps_street_vs_gaap,quarterly,2020-04-21,2020-03-27,,2020.0,1.0,0.51,0.64,,,-0.203125,street_vs_gaap
KO,eps_street_vs_gaap,quarterly,2020-01-30,,,,,0.44,,,,,no_gaap_quarter
KO,eps_street_vs_gaap,quarterly,2019-10-18,2019-09-27,,2019.0,3.0,0.56,0.6,,,-0.06666666666666654,street_vs_gaap
KO,eps_street_vs_gaap,quarterly,2019-07-23,2019-06-28,,2019.0,2.0,0.63,0.61,,,0.03278688524590167,street_vs_gaap
KO,eps_street_vs_gaap,quarterly,2019-04-23,2019-03-29,,2019.0,1.0,0.48,0.39,,,0.23076923076923067,street_vs_gaap
KO,eps_street_vs_gaap,quarterly,2019-02-14,,,,,0.43,,,,,no_gaap_quarter
KO,eps_street_vs_gaap,quarterly,2018-10-30,2018-09-28,,2018.0,3.0,0.58,0.44,,,0.31818181818181807,street_vs_gaap
KO,eps_street_vs_gaap,quarterly,2018-07-25,2018-06-29,,2018.0,2.0,0.61,0.54,,,0.12962962962962954,street_vs_gaap
KO,eps_street_vs_gaap,quarterly,2018-04-24,2018-03-30,,2018.0,1.0,0.47,0.32,,,0.4687499999999999,street_vs_gaap
KO,eps_street_vs_gaap,quarterly,2018-02-16,,,,,0.39,,,,,no_gaap_quarter
JPM,eps_street_vs_gaap,quarterly,2026-07-14,2026-06-30,,2026.0,2.0,6.14,7.7,,,-0.20259740259740266,street_vs_gaap
JPM,eps_street_vs_gaap,quarterly,2026-04-14,2026-03-31,,2026.0,1.0,5.94,5.94,,,0.0,match
JPM,eps_street_vs_gaap,quarterly,2026-01-13,,,,,4.63,,,,,no_gaap_quarter
JPM,eps_street_vs_gaap,quarterly,2025-10-14,2025-09-30,,2025.0,3.0,5.07,5.07,,,0.0,match
JPM,eps_street_vs_gaap,quarterly,2025-07-15,2025-06-30,,2025.0,2.0,4.96,5.24,,,-0.05343511450381684,street_vs_gaap
JPM,eps_street_vs_gaap,quarterly,2025-04-11,2025-03-31,,2025.0,1.0,5.07,5.07,,,0.0,match
JPM,eps_street_vs_gaap,quarterly,2025-01-15,,,,,4.81,,,,,no_gaap_quarter
JPM,eps_street_vs_gaap,quarterly,2024-10-11,2024-09-30,,2024.0,3.0,4.37,4.37,,,0.0,match
JPM,eps_street_vs_gaap,quarterly,2024-07-12,2024-06-30,,2024.0,2.0,6.12,6.12,,,0.0,match
JPM,eps_street_vs_gaap,quarterly,2024-04-12,2024-03-31,,2024.0,1.0,4.44,4.44,,,0.0,match
JPM,eps_street_vs_gaap,quarterly,2024-01-12,,,,,3.04,,,,,no_gaap_quarter
JPM,eps_street_vs_gaap,quarterly,2023-10-13,2023-09-30,,2023.0,3.0,4.33,4.33,,,0.0,match
JPM,eps_street_vs_gaap,quarterly,2023-07-14,2023-06-30,,2023.0,2.0,4.75,4.75,,,0.0,match
JPM,eps_street_vs_gaap,quarterly,2023-04-14,2023-03-31,,2023.0,1.0,4.1,4.1,,,0.0,match
JPM,eps_street_vs_gaap,quarterly,2023-01-13,,,,,3.57,,,,,no_gaap_quarter
JPM,eps_street_vs_gaap,quarterly,2022-10-14,2022-09-30,,2022.0,3.0,3.12,3.12,,,0.0,match
JPM,eps_street_vs_gaap,quarterly,2022-07-14,2022-06-30,,2022.0,2.0,2.76,2.76,,,0.0,match
JPM,eps_street_vs_gaap,quarterly,2022-04-13,2022-03-31,,2022.0,1.0,2.63,2.63,,,0.0,match
JPM,eps_street_vs_gaap,quarterly,2022-01-14,,,,,3.33,,,,,no_gaap_quarter
JPM,eps_street_vs_gaap,quarterly,2021-10-13,2021-09-30,,2021.0,3.0,3.55,3.74,,,-0.050802139037433254,street_vs_gaap
JPM,eps_street_vs_gaap,quarterly,2021-07-13,2021-06-30,,2021.0,2.0,3.78,3.78,,,0.0,match
JPM,eps_street_vs_gaap,quarterly,2021-04-14,2021-03-31,,2021.0,1.0,4.59,4.5,,,0.01999999999999997,street_vs_gaap
JPM,eps_street_vs_gaap,quarterly,2021-01-15,,,,,3.07,,,,,no_gaap_quarter
JPM,eps_street_vs_gaap,quarterly,2020-10-13,2020-09-30,,2020.0,3.0,3.09,2.92,,,0.05821917808219176,street_vs_gaap
JPM,eps_street_vs_gaap,quarterly,2020-07-14,2020-06-30,,2020.0,2.0,1.08,1.38,,,-0.21739130434782597,street_vs_gaap
JPM,eps_street_vs_gaap,quarterly,2020-04-14,2020-03-31,,2020.0,1.0,2.89,0.78,,,2.7051282051282053,street_vs_gaap
JPM,eps_street_vs_gaap,quarterly,2020-01-14,,,,,2.57,,,,,no_gaap_quarter
JPM,eps_street_vs_gaap,quarterly,2019-10-15,2019-09-30,,2019.0,3.0,2.68,2.68,,,0.0,match
JPM,eps_street_vs_gaap,quarterly,2019-07-16,2019-06-30,,2019.0,2.0,2.82,2.82,,,0.0,match
JPM,eps_street_vs_gaap,quarterly,2019-04-12,2019-03-31,,2019.0,1.0,2.65,2.65,,,0.0,match
JPM,eps_street_vs_gaap,quarterly,2019-01-15,,,,,1.98,,,,,no_gaap_quarter
JPM,eps_street_vs_gaap,quarterly,2018-10-12,2018-09-30,,2018.0,3.0,2.34,2.34,,,0.0,match
JPM,eps_street_vs_gaap,quarterly,2018-07-13,2018-06-30,,2018.0,2.0,2.29,2.29,,,0.0,match
JPM,eps_street_vs_gaap,quarterly,2018-04-13,2018-03-31,,2018.0,1.0,2.26,2.37,,,-0.046413502109704775,street_vs_gaap
JPM,eps_street_vs_gaap,quarterly,2018-01-12,,,,,1.76,,,,,no_gaap_quarter
GS,eps_street_vs_gaap,quarterly,2026-07-14,2026-06-30,,2026.0,2.0,20.98,20.98,,,0.0,match
GS,eps_street_vs_gaap,quarterly,2026-04-13,2026-03-31,,2026.0,1.0,17.55,17.55,,,0.0,match
GS,eps_street_vs_gaap,quarterly,2026-01-15,,,,,14.01,,,,,no_gaap_quarter
GS,eps_street_vs_gaap,quarterly,2025-10-14,2025-09-30,,2025.0,3.0,12.25,12.25,,,0.0,match
GS,eps_street_vs_gaap,quarterly,2025-07-16,2025-06-30,,2025.0,2.0,10.91,10.91,,,0.0,match
GS,eps_street_vs_gaap,quarterly,2025-04-14,2025-03-31,,2025.0,1.0,14.12,14.12,,,0.0,match
GS,eps_street_vs_gaap,quarterly,2025-01-15,,,,,10.97,,,,,no_gaap_quarter
GS,eps_street_vs_gaap,quarterly,2024-10-15,2024-09-30,,2024.0,3.0,9.02,8.4,,,0.07380952380952371,street_vs_gaap
GS,eps_street_vs_gaap,quarterly,2024-07-15,2024-06-30,,2024.0,2.0,8.41,8.62,,,-0.024361948955916368,street_vs_gaap
GS,eps_street_vs_gaap,quarterly,2024-04-15,2024-03-31,,2024.0,1.0,11.58,11.58,,,0.0,match
GS,eps_street_vs_gaap,quarterly,2024-01-16,,,,,5.48,,,,,no_gaap_quarter
GS,eps_street_vs_gaap,quarterly,2023-10-17,2023-09-30,,2023.0,3.0,5.47,5.47,,,0.0,match
GS,eps_street_vs_gaap,quarterly,2023-07-19,2023-06-30,,2023.0,2.0,3.08,3.08,,,0.0,match
GS,eps_street_vs_gaap,quarterly,2023-04-18,2023-03-31,,2023.0,1.0,8.79,8.79,,,0.0,match
GS,eps_street_vs_gaap,quarterly,2023-01-17,,,,,3.32,,,,,no_gaap_quarter
GS,eps_street_vs_gaap,quarterly,2022-10-18,2022-09-30,,2022.0,3.0,8.25,8.25,,,0.0,match
GS,eps_street_vs_gaap,quarterly,2022-07-18,2022-06-30,,2022.0,2.0,7.73,7.73,,,0.0,match
GS,eps_street_vs_gaap,quarterly,2022-04-14,2022-03-31,,2022.0,1.0,10.76,10.76,,,0.0,match
GS,eps_street_vs_gaap,quarterly,2022-01-18,,,,,10.81,,,,,no_gaap_quarter
GS,eps_street_vs_gaap,quarterly,2021-10-15,2021-09-30,,2021.0,3.0,14.93,14.93,,,0.0,match
GS,eps_street_vs_gaap,quarterly,2021-07-13,2021-06-30,,2021.0,2.0,15.02,15.02,,,0.0,match
GS,eps_street_vs_gaap,quarterly,2021-04-14,2021-03-31,,2021.0,1.0,18.6,18.6,,,0.0,match
GS,eps_street_vs_gaap,quarterly,2021-01-19,,,,,12.55,,,,,no_gaap_quarter
GS,eps_street_vs_gaap,quarterly,2020-10-14,2020-09-30,,2020.0,3.0,9.68,8.98,,,0.07795100222717141,street_vs_gaap
GS,eps_street_vs_gaap,quarterly,2020-07-15,2020-06-30,,2020.0,2.0,6.26,0.53,,,10.811320754716979,street_vs_gaap
GS,eps_street_vs_gaap,quarterly,2020-04-15,2020-03-31,,2020.0,1.0,3.11,3.11,,,0.0,match
GS,eps_street_vs_gaap,quarterly,2020-01-15,,,,,4.69,,,,,no_gaap_quarter
GS,eps_street_vs_gaap,quarterly,2019-10-15,2019-09-30,,2019.0,3.0,4.79,4.79,,,0.0,match
GS,eps_street_vs_gaap,quarterly,2019-07-16,2019-06-30,,2019.0,2.0,5.81,5.81,,,0.0,match
GS,eps_street_vs_gaap,quarterly,2019-04-15,2019-03-31,,2019.0,1.0,5.71,5.71,,,0.0,match
GS,eps_street_vs_gaap,quarterly,2019-01-16,,,,,6.04,,,,,no_gaap_quarter
GS,eps_street_vs_gaap,quarterly,2018-10-16,2018-09-30,,2018.0,3.0,6.28,6.28,,,0.0,match
GS,eps_street_vs_gaap,quarterly,2018-07-17,2018-06-30,,2018.0,2.0,5.98,5.98,,,0.0,match
GS,eps_street_vs_gaap,quarterly,2018-04-17,2018-03-31,,2018.0,1.0,6.95,6.95,,,0.0,match
GS,eps_street_vs_gaap,quarterly,2018-01-17,,,,,5.68,,,,,no_gaap_quarter
V,eps_street_vs_gaap,quarterly,2026-07-28,,,,,3.32,,,,,no_gaap_quarter
V,eps_street_vs_gaap,quarterly,2026-04-28,,,,,3.31,,,,,no_gaap_quarter
V,eps_street_vs_gaap,quarterly,2026-01-29,,,,,3.17,,,,,no_gaap_quarter
V,eps_street_vs_gaap,quarterly,2025-10-28,,,,,2.98,,,,,no_gaap_quarter
V,eps_street_vs_gaap,quarterly,2025-07-29,,,,,2.98,,,,,no_gaap_quarter
V,eps_street_vs_gaap,quarterly,2025-04-29,,,,,2.76,,,,,no_gaap_quarter
V,eps_street_vs_gaap,quarterly,2025-01-30,,,,,2.75,,,,,no_gaap_quarter
V,eps_street_vs_gaap,quarterly,2024-10-29,,,,,2.71,,,,,no_gaap_quarter
V,eps_street_vs_gaap,quarterly,2024-07-23,,,,,2.42,,,,,no_gaap_quarter
V,eps_street_vs_gaap,quarterly,2024-04-23,,,,,2.51,,,,,no_gaap_quarter
V,eps_street_vs_gaap,quarterly,2024-01-25,,,,,2.41,,,,,no_gaap_quarter
V,eps_street_vs_gaap,quarterly,2023-10-24,,,,,2.33,,,,,no_gaap_quarter
V,eps_street_vs_gaap,quarterly,2023-07-25,,,,,2.16,,,,,no_gaap_quarter
V,eps_street_vs_gaap,quarterly,2023-04-25,,,,,2.09,,,,,no_gaap_quarter
V,eps_street_vs_gaap,quarterly,2023-01-26,,,,,2.18,,,,,no_gaap_quarter
V,eps_street_vs_gaap,quarterly,2022-10-25,,,,,1.93,,,,,no_gaap_quarter
V,eps_street_vs_gaap,quarterly,2022-07-26,,,,,1.98,,,,,no_gaap_quarter
V,eps_street_vs_gaap,quarterly,2022-04-26,,,,,1.79,,,,,no_gaap_quarter
V,eps_street_vs_gaap,quarterly,2022-01-27,,,,,1.81,,,,,no_gaap_quarter
V,eps_street_vs_gaap,quarterly,2021-10-26,,,,,1.62,,,,,no_gaap_quarter
V,eps_street_vs_gaap,quarterly,2021-07-27,,,,,1.49,,,,,no_gaap_quarter
V,eps_street_vs_gaap,quarterly,2021-04-27,,,,,1.38,,,,,no_gaap_quarter
V,eps_street_vs_gaap,quarterly,2021-01-28,,,,,1.42,,,,,no_gaap_quarter
V,eps_street_vs_gaap,quarterly,2020-10-28,,,,,1.12,,,,,no_gaap_quarter
V,eps_street_vs_gaap,quarterly,2020-07-28,,,,,1.06,,,,,no_gaap_quarter
V,eps_street_vs_gaap,quarterly,2020-04-30,,,,,1.39,,,,,no_gaap_quarter
V,eps_street_vs_gaap,quarterly,2020-01-30,,,,,1.46,,,,,no_gaap_quarter
V,eps_street_vs_gaap,quarterly,2019-10-24,,,,,1.47,,,,,no_gaap_quarter
V,eps_street_vs_gaap,quarterly,2019-07-23,,,,,1.37,,,,,no_gaap_quarter
V,eps_street_vs_gaap,quarterly,2019-04-24,,,,,1.31,,,,,no_gaap_quarter
V,eps_street_vs_gaap,quarterly,2019-01-30,,,,,1.3,,,,,no_gaap_quarter
V,eps_street_vs_gaap,quarterly,2018-10-24,,,,,1.21,,,,,no_gaap_quarter
V,eps_street_vs_gaap,quarterly,2018-07-25,,,,,1.2,,,,,no_gaap_quarter
V,eps_street_vs_gaap,quarterly,2018-04-25,,,,,1.11,,,,,no_gaap_quarter
V,eps_street_vs_gaap,quarterly,2018-02-01,,,,,1.08,,,,,no_gaap_quarter
JNJ,eps_street_vs_gaap,quarterly,2026-07-15,2026-06-28,,2026.0,2.0,2.9,2.27,,,0.27753303964757703,street_vs_gaap
JNJ,eps_street_vs_gaap,quarterly,2026-04-14,2026-03-29,,2026.0,1.0,2.7,2.14,,,0.26168224299065423,street_vs_gaap
JNJ,eps_street_vs_gaap,quarterly,2026-01-21,,,,,2.46,,,,,no_gaap_quarter
JNJ,eps_street_vs_gaap,quarterly,2025-10-14,2025-09-28,,2025.0,3.0,2.8,2.12,,,0.32075471698113195,street_vs_gaap
JNJ,eps_street_vs_gaap,quarterly,2025-07-16,2025-06-29,,2025.0,2.0,2.77,2.29,,,0.2096069868995633,street_vs_gaap
JNJ,eps_street_vs_gaap,quarterly,2025-04-15,2025-03-30,,2025.0,1.0,2.77,4.54,,,-0.3898678414096916,street_vs_gaap
JNJ,eps_street_vs_gaap,quarterly,2025-01-22,,,,,2.04,,,,,no_gaap_quarter
JNJ,eps_street_vs_gaap,quarterly,2024-10-15,2024-09-29,,2024.0,3.0,2.42,1.11,,,1.18018018018018,street_vs_gaap
JNJ,eps_street_vs_gaap,quarterly,2024-07-17,2024-06-30,,2024.0,2.0,2.82,1.93,,,0.46113989637305697,street_vs_gaap
JNJ,eps_street_vs_gaap,quarterly,2024-04-16,2024-03-31,,2024.0,1.0,2.71,1.34,,,1.0223880597014925,unrecorded_basis_change
JNJ,eps_street_vs_gaap,quarterly,2024-01-23,2023-12-31,,2023.0,4.0,2.29,1.67,,,0.3712574850299402,street_vs_gaap
JNJ,eps_street_vs_gaap,quarterly,2023-10-17,2023-10-01,,2023.0,3.0,2.66,10.21,,,-0.7394711067580804,street_vs_gaap
JNJ,eps_street_vs_gaap,quarterly,2023-07-20,2023-07-02,,2023.0,2.0,2.8,1.96,,,0.4285714285714285,street_vs_gaap
JNJ,eps_street_vs_gaap,quarterly,2023-04-18,2023-04-02,,2023.0,1.0,2.68,-0.03,,,90.33333333333333,street_vs_gaap
JNJ,eps_street_vs_gaap,quarterly,2023-01-24,2023-01-01,,2022.0,4.0,2.35,1.33,,,0.7669172932330827,street_vs_gaap
JNJ,eps_street_vs_gaap,quarterly,2022-10-18,2022-10-02,,2022.0,3.0,2.55,1.68,,,0.5178571428571428,street_vs_gaap
JNJ,eps_street_vs_gaap,quarterly,2022-07-19,2022-07-03,,2022.0,2.0,2.59,1.8,,,0.4388888888888888,street_vs_gaap
JNJ,eps_street_vs_gaap,quarterly,2022-04-19,2022-04-03,,2022.0,1.0,2.67,1.93,,,0.383419689119171,street_vs_gaap
JNJ,eps_street_vs_gaap,quarterly,2022-01-25,,,,,2.13,,,,,no_gaap_quarter
JNJ,eps_street_vs_gaap,quarterly,2021-10-19,2021-10-03,,2021.0,3.0,2.6,1.37,,,0.8978102189781021,street_vs_gaap
JNJ,eps_street_vs_gaap,quarterly,2021-07-21,2021-07-04,,2021.0,2.0,2.48,2.35,,,0.05531914893617017,street_vs_gaap
JNJ,eps_street_vs_gaap,quarterly,2021-04-20,2021-04-04,,2021.0,1.0,2.59,2.32,,,0.1163793103448276,street_vs_gaap
JNJ,eps_street_vs_gaap,quarterly,2021-01-26,,,,,1.86,,,,,no_gaap_quarter
JNJ,eps_street_vs_gaap,quarterly,2020-10-13,2020-09-27,,2020.0,3.0,2.2,1.33,,,0.6541353383458647,street_vs_gaap
JNJ,eps_street_vs_gaap,quarterly,2020-07-16,2020-06-28,,2020.0,2.0,1.67,1.36,,,0.2279411764705881,street_vs_gaap
JNJ,eps_street_vs_gaap,quarterly,2020-04-14,2020-03-29,,2020.0,1.0,2.3,2.17,,,0.059907834101382444,street_vs_gaap
JNJ,eps_street_vs_gaap,quarterly,2020-01-22,2019-12-29,,2019.0,4.0,1.88,1.5,,,0.25333333333333324,street_vs_gaap
JNJ,eps_street_vs_gaap,quarterly,2019-10-15,2019-09-29,,2019.0,3.0,2.12,0.66,,,2.212121212121212,street_vs_gaap
JNJ,eps_street_vs_gaap,quarterly,2019-07-16,2019-06-30,,2019.0,2.0,2.58,2.08,,,0.24038461538461536,street_vs_gaap
JNJ,eps_street_vs_gaap,quarterly,2019-04-16,2019-03-31,,2019.0,1.0,2.1,1.39,,,0.510791366906475,street_vs_gaap
JNJ,eps_street_vs_gaap,quarterly,2019-01-22,2018-12-30,,2018.0,4.0,1.97,1.12,,,0.7589285714285713,street_vs_gaap
JNJ,eps_street_vs_gaap,quarterly,2018-10-16,2018-09-30,,2018.0,3.0,2.05,1.44,,,0.42361111111111105,street_vs_gaap
JNJ,eps_street_vs_gaap,quarterly,2018-07-17,2018-07-01,,2018.0,2.0,2.1,1.45,,,0.44827586206896564,street_vs_gaap
JNJ,eps_street_vs_gaap,quarterly,2018-04-17,2018-04-01,,2018.0,1.0,2.06,1.6,,,0.2875,street_vs_gaap
JNJ,eps_street_vs_gaap,quarterly,2018-01-23,2017-12-31,,2017.0,4.0,1.74,-3.99,,,1.4360902255639099,street_vs_gaap
UNH,eps_street_vs_gaap,quarterly,2026-07-16,2026-06-30,,2026.0,2.0,6.38,6.04,,,0.056291390728476796,street_vs_gaap
UNH,eps_street_vs_gaap,quarterly,2026-04-21,2026-03-31,,2026.0,1.0,7.23,6.9,,,0.04782608695652175,street_vs_gaap
UNH,eps_street_vs_gaap,quarterly,2026-01-27,,,,,2.11,,,,,no_gaap_quarter
UNH,eps_street_vs_gaap,quarterly,2025-10-28,2025-09-30,,2025.0,3.0,2.92,2.59,,,0.12741312741312744,street_vs_gaap
UNH,eps_street_vs_gaap,quarterly,2025-07-29,2025-06-30,,2025.0,2.0,4.08,3.74,,,0.09090909090909087,street_vs_gaap
UNH,eps_street_vs_gaap,quarterly,2025-04-17,2025-03-31,,2025.0,1.0,7.2,6.85,,,0.05109489051094899,street_vs_gaap
UNH,eps_street_vs_gaap,quarterly,2025-01-16,,,,,6.81,,,,,no_gaap_quarter
UNH,eps_street_vs_gaap,quarterly,2024-10-15,2024-09-30,,2024.0,3.0,7.15,6.51,,,0.09831029185867905,street_vs_gaap
UNH,eps_street_vs_gaap,quarterly,2024-07-16,2024-06-30,,2024.0,2.0,6.8,4.54,,,0.49779735682819376,street_vs_gaap
UNH,eps_street_vs_gaap,quarterly,2024-04-16,2024-03-31,,2024.0,1.0,6.91,-1.53,,,5.516339869281046,street_vs_gaap
UNH,eps_street_vs_gaap,quarterly,2024-01-12,,,,,6.16,,,,,no_gaap_quarter
UNH,eps_street_vs_gaap,quarterly,2023-10-13,2023-09-30,,2023.0,3.0,6.56,6.24,,,0.05128205128205118,street_vs_gaap
UNH,eps_street_vs_gaap,quarterly,2023-07-14,2023-06-30,,2023.0,2.0,6.14,5.82,,,0.0549828178694157,street_vs_gaap
UNH,eps_street_vs_gaap,quarterly,2023-04-14,2023-03-31,,2023.0,1.0,6.26,5.95,,,0.05210084033613439,street_vs_gaap
UNH,eps_street_vs_gaap,quarterly,2023-01-13,,,,,5.34,,,,,no_gaap_quarter
UNH,eps_street_vs_gaap,quarterly,2022-10-14,2022-09-30,,2022.0,3.0,5.79,5.55,,,0.04324324324324328,street_vs_gaap
UNH,eps_street_vs_gaap,quarterly,2022-07-15,2022-06-30,,2022.0,2.0,5.57,5.34,,,0.04307116104868922,street_vs_gaap
UNH,eps_street_vs_gaap,quarterly,2022-04-14,2022-03-31,,2022.0,1.0,5.49,5.27,,,0.04174573055028476,street_vs_gaap
UNH,eps_street_vs_gaap,quarterly,2022-01-19,,,,,4.48,,,,,no_gaap_quarter
UNH,eps_street_vs_gaap,quarterly,2021-10-14,2021-09-30,,2021.0,3.0,4.52,4.28,,,0.05607476635514003,street_vs_gaap
UNH,eps_street_vs_gaap,quarterly,2021-07-15,2021-06-30,,2021.0,2.0,4.7,4.46,,,0.05381165919282516,street_vs_gaap
UNH,eps_street_vs_gaap,quarterly,2021-04-15,2021-03-31,,2021.0,1.0,5.31,5.08,,,0.04527559055118101,street_vs_gaap
UNH,eps_street_vs_gaap,quarterly,2021-01-20,,,,,2.52,,,,,no_gaap_quarter
UNH,eps_street_vs_gaap,quarterly,2020-10-14,2020-09-30,,2020.0,3.0,3.51,3.3,,,0.06363636363636363,street_vs_gaap
UNH,eps_street_vs_gaap,quarterly,2020-07-15,2020-06-30,,2020.0,2.0,7.12,6.91,,,0.03039073806078147,street_vs_gaap
UNH,eps_street_vs_gaap,quarterly,2020-04-15,2020-03-31,,2020.0,1.0,3.72,3.52,,,0.05681818181818187,street_vs_gaap
UNH,eps_street_vs_gaap,quarterly,2020-01-15,,,,,3.9,,,,,no_gaap_quarter
UNH,eps_street_vs_gaap,quarterly,2019-10-15,2019-09-30,,2019.0,3.0,3.88,3.67,,,0.057220708446866476,street_vs_gaap
UNH,eps_street_vs_gaap,quarterly,2019-07-18,2019-06-30,,2019.0,2.0,3.6,3.42,,,0.05263157894736847,street_vs_gaap
UNH,eps_street_vs_gaap,quarterly,2019-04-16,2019-03-31,,2019.0,1.0,3.73,3.56,,,0.04775280898876402,street_vs_gaap
UNH,eps_street_vs_gaap,quarterly,2019-01-15,,,,,3.28,,,,,no_gaap_quarter
UNH,eps_street_vs_gaap,quarterly,2018-10-16,2018-09-30,,2018.0,3.0,3.41,3.24,,,0.05246913580246911,street_vs_gaap
UNH,eps_street_vs_gaap,quarterly,2018-07-17,2018-06-30,,2018.0,2.0,3.14,2.98,,,0.05369127516778528,street_vs_gaap
UNH,eps_street_vs_gaap,quarterly,2018-04-17,2018-03-31,,2018.0,1.0,3.04,2.87,,,0.05923344947735189,street_vs_gaap
UNH,eps_street_vs_gaap,quarterly,2018-01-16,,,,,2.59,,,,,no_gaap_quarter
PFE,eps_street_vs_gaap,quarterly,2026-08-04,2026-06-28,,2026.0,2.0,0.77,-0.04,,,20.25,street_vs_gaap
PFE,eps_street_vs_gaap,quarterly,2026-05-05,2026-03-29,,2026.0,1.0,0.75,0.47,,,0.5957446808510639,street_vs_gaap
PFE,eps_street_vs_gaap,quarterly,2026-02-03,,,,,0.66,,,,,no_gaap_quarter
PFE,eps_street_vs_gaap,quarterly,2025-11-04,2025-09-28,,2025.0,3.0,0.87,0.62,,,0.40322580645161293,street_vs_gaap
PFE,eps_street_vs_gaap,quarterly,2025-08-05,2025-06-29,,2025.0,2.0,0.78,0.51,,,0.5294117647058824,street_vs_gaap
PFE,eps_street_vs_gaap,quarterly,2025-04-29,2025-03-30,,2025.0,1.0,0.92,0.52,,,0.7692307692307693,street_vs_gaap
PFE,eps_street_vs_gaap,quarterly,2025-02-04,,,,,0.63,,,,,no_gaap_quarter
PFE,eps_street_vs_gaap,quarterly,2024-10-29,2024-09-29,,2024.0,3.0,1.06,0.78,,,0.358974358974359,street_vs_gaap
PFE,eps_street_vs_gaap,quarterly,2024-07-30,2024-06-30,,2024.0,2.0,0.6,0.01,,,58.99999999999999,street_vs_gaap
PFE,eps_street_vs_gaap,quarterly,2024-05-01,2024-03-31,,2024.0,1.0,0.82,0.55,,,0.4909090909090907,street_vs_gaap
PFE,eps_street_vs_gaap,quarterly,2024-01-30,,,,,0.1,,,,,no_gaap_quarter
PFE,eps_street_vs_gaap,quarterly,2023-10-31,2023-10-01,,2023.0,3.0,-0.17,-0.42,,,0.5952380952380952,street_vs_gaap
PFE,eps_street_vs_gaap,quarterly,2023-08-01,2023-07-02,,2023.0,2.0,0.67,0.41,,,0.6341463414634149,street_vs_gaap
PFE,eps_street_vs_gaap,quarterly,2023-05-02,2023-04-02,,2023.0,1.0,1.23,0.97,,,0.26804123711340205,street_vs_gaap
PFE,eps_street_vs_gaap,quarterly,2023-01-31,,,,,1.14,,,,,no_gaap_quarter
PFE,eps_street_vs_gaap,quarterly,2022-11-01,2022-10-02,,2022.0,3.0,1.78,1.51,,,0.17880794701986755,street_vs_gaap
PFE,eps_street_vs_gaap,quarterly,2022-07-28,2022-07-03,,2022.0,2.0,2.04,1.73,,,0.17919075144508673,street_vs_gaap
PFE,eps_street_vs_gaap,quarterly,2022-05-03,2022-04-03,,2022.0,1.0,1.62,1.37,,,0.18248175182481752,street_vs_gaap
PFE,eps_street_vs_gaap,quarterly,2022-02-08,,,,,1.08,,,,,no_gaap_quarter
PFE,eps_street_vs_gaap,quarterly,2021-11-02,2021-10-03,,2021.0,3.0,1.34,1.42,,,-0.05633802816901398,street_vs_gaap
PFE,eps_street_vs_gaap,quarterly,2021-07-28,2021-07-04,,2021.0,2.0,1.07,0.98,,,0.09183673469387764,street_vs_gaap
PFE,eps_street_vs_gaap,quarterly,2021-05-04,2021-04-04,,2021.0,1.0,0.93,0.86,,,0.08139534883720938,street_vs_gaap
PFE,eps_street_vs_gaap,quarterly,2021-02-02,,,,,0.42,,,,,no_gaap_quarter
PFE,eps_street_vs_gaap,quarterly,2020-10-27,2020-09-27,,2020.0,3.0,0.72,0.26,,,1.769230769230769,street_vs_gaap
PFE,eps_street_vs_gaap,quarterly,2020-07-28,2020-06-28,,2020.0,2.0,0.78,0.62,,,0.2580645161290323,street_vs_gaap
PFE,eps_street_vs_gaap,quarterly,2020-04-28,2020-03-29,,2020.0,1.0,0.8,0.6,,,0.3333333333333335,street_vs_gaap
PFE,eps_street_vs_gaap,quarterly,2020-01-28,,,,,0.55,,,,,no_gaap_quarter
PFE,eps_street_vs_gaap,quarterly,2019-10-29,2019-09-29,,2019.0,3.0,0.75,1.36,,,-0.4485294117647059,street_vs_gaap
PFE,eps_street_vs_gaap,quarterly,2019-07-29,2019-06-30,,2019.0,2.0,0.8,0.89,,,-0.10112359550561795,street_vs_gaap
PFE,eps_street_vs_gaap,quarterly,2019-04-30,2019-03-31,,2019.0,1.0,0.85,0.68,,,0.2499999999999999,street_vs_gaap
PFE,eps_street_vs_gaap,quarterly,2019-01-29,,,,,0.64,,,,,no_gaap_quarter
PFE,eps_street_vs_gaap,quarterly,2018-10-30,2018-09-30,,2018.0,3.0,0.78,0.69,,,0.1304347826086958,street_vs_gaap
PFE,eps_street_vs_gaap,quarterly,2018-07-31,2018-07-01,,2018.0,2.0,0.81,0.65,,,0.2461538461538462,street_vs_gaap
PFE,eps_street_vs_gaap,quarterly,2018-05-01,2018-04-01,,2018.0,1.0,0.77,0.59,,,0.30508474576271194,street_vs_gaap
PFE,eps_street_vs_gaap,quarterly,2018-01-30,,,,,0.62,,,,,no_gaap_quarter
XOM,eps_street_vs_gaap,quarterly,2026-07-31,2026-06-30,,2026.0,2.0,4.11,3.48,,,0.18103448275862077,street_vs_gaap
XOM,eps_street_vs_gaap,quarterly,2026-05-01,2026-03-31,,2026.0,1.0,1.16,1.0,,,0.15999999999999992,street_vs_gaap
XOM,eps_street_vs_gaap,quarterly,2026-01-30,,,,,1.71,,,,,no_gaap_quarter
XOM,eps_street_vs_gaap,quarterly,2025-10-31,2025-09-30,,2025.0,3.0,1.88,1.76,,,0.06818181818181812,street_vs_gaap
XOM,eps_street_vs_gaap,quarterly,2025-08-01,2025-06-30,,2025.0,2.0,1.64,1.64,,,0.0,match
XOM,eps_street_vs_gaap,quarterly,2025-05-02,2025-03-31,,2025.0,1.0,1.76,1.76,,,0.0,match
XOM,eps_street_vs_gaap,quarterly,2025-01-31,,,,,1.67,,,,,no_gaap_quarter
XOM,eps_street_vs_gaap,quarterly,2024-11-01,2024-09-30,,2024.0,3.0,1.92,1.92,,,0.0,match
XOM,eps_street_vs_gaap,quarterly,2024-08-02,2024-06-30,,2024.0,2.0,2.14,2.14,,,0.0,match
XOM,eps_street_vs_gaap,quarterly,2024-04-26,2024-03-31,,2024.0,1.0,2.06,2.06,,,0.0,match
XOM,eps_street_vs_gaap,quarterly,2024-02-02,,,,,2.48,,,,,no_gaap_quarter
XOM,eps_street_vs_gaap,quarterly,2023-10-27,2023-09-30,,2023.0,3.0,2.27,2.25,,,0.008888888888888898,street_vs_gaap
XOM,eps_street_vs_gaap,quarterly,2023-07-28,2023-06-30,,2023.0,2.0,1.94,1.94,,,0.0,match
XOM,eps_street_vs_gaap,quarterly,2023-04-28,2023-03-31,,2023.0,1.0,2.83,2.79,,,0.014336917562724026,street_vs_gaap
XOM,eps_street_vs_gaap,quarterly,2023-01-31,,,,,3.4,,,,,no_gaap_quarter
XOM,eps_street_vs_gaap,quarterly,2022-10-28,2022-09-30,,2022.0,3.0,4.45,4.68,,,-0.04914529914529905,street_vs_gaap
XOM,eps_street_vs_gaap,quarterly,2022-07-29,2022-06-30,,2022.0,2.0,4.14,4.21,,,-0.01662707838479817,street_vs_gaap
XOM,eps_street_vs_gaap,quarterly,2022-04-29,2022-03-31,,2022.0,1.0,2.07,1.28,,,0.6171874999999999,street_vs_gaap
XOM,eps_street_vs_gaap,quarterly,2022-02-01,,,,,2.05,,,,,no_gaap_quarter
XOM,eps_street_vs_gaap,quarterly,2021-10-29,2021-09-30,,2021.0,3.0,1.58,1.57,,,0.006369426751592362,match
XOM,eps_street_vs_gaap,quarterly,2021-07-30,2021-06-30,,2021.0,2.0,1.1,1.1,,,0.0,match
XOM,eps_street_vs_gaap,quarterly,2021-04-30,2021-03-31,,2021.0,1.0,0.65,0.64,,,0.015625000000000014,match
XOM,eps_street_vs_gaap,quarterly,2021-02-02,,,,,0.03,,,,,no_gaap_quarter
XOM,eps_street_vs_gaap,quarterly,2020-10-30,2020-09-30,,2020.0,3.0,-0.18,-0.15,,,-0.2,street_vs_gaap
XOM,eps_street_vs_gaap,quarterly,2020-07-31,2020-06-30,,2020.0,2.0,-0.7,-0.26,,,-1.692307692307692,street_vs_gaap
XOM,eps_street_vs_gaap,quarterly,2020-05-01,2020-03-31,,2020.0,1.0,0.53,-0.14,,,4.785714285714286,street_vs_gaap
XOM,eps_street_vs_gaap,quarterly,2020-01-31,,,,,0.41,,,,,no_gaap_quarter
XOM,eps_street_vs_gaap,quarterly,2019-11-01,2019-09-30,,2019.0,3.0,0.68,0.75,,,-0.09333333333333327,street_vs_gaap
XOM,eps_street_vs_gaap,quarterly,2019-08-02,2019-06-30,,2019.0,2.0,0.61,0.73,,,-0.1643835616438356,street_vs_gaap
XOM,eps_street_vs_gaap,quarterly,2019-04-26,2019-03-31,,2019.0,1.0,0.55,0.55,,,0.0,match
XOM,eps_street_vs_gaap,quarterly,2019-02-01,,,,,1.5,,,,,no_gaap_quarter
XOM,eps_street_vs_gaap,quarterly,2018-11-02,2018-09-30,,2018.0,3.0,1.46,1.46,,,0.0,match
XOM,eps_street_vs_gaap,quarterly,2018-07-27,2018-06-30,,2018.0,2.0,0.92,0.92,,,0.0,match
XOM,eps_street_vs_gaap,quarterly,2018-04-27,2018-03-31,,2018.0,1.0,1.09,1.09,,,0.0,match
XOM,eps_street_vs_gaap,quarterly,2018-02-02,,,,,0.88,,,,,no_gaap_quarter
CVX,eps_street_vs_gaap,quarterly,2026-07-31,2026-06-30,,2026.0,2.0,6.06,6.11,,,-0.008183306055646596,street_vs_gaap
CVX,eps_street_vs_gaap,quarterly,2026-05-01,2026-03-31,,2026.0,1.0,1.41,1.11,,,0.27027027027027006,street_vs_gaap
CVX,eps_street_vs_gaap,quarterly,2026-01-30,,,,,1.52,,,,,no_gaap_quarter
CVX,eps_street_vs_gaap,quarterly,2025-10-31,2025-09-30,,2025.0,3.0,1.85,1.82,,,0.016483516483516498,street_vs_gaap
CVX,eps_street_vs_gaap,quarterly,2025-08-01,2025-06-30,,2025.0,2.0,1.77,1.45,,,0.22068965517241385,street_vs_gaap
CVX,eps_street_vs_gaap,quarterly,2025-05-02,2025-03-31,,2025.0,1.0,2.18,2.0,,,0.09000000000000008,street_vs_gaap
CVX,eps_street_vs_gaap,quarterly,2025-01-31,,,,,2.06,,,,,no_gaap_quarter
CVX,eps_street_vs_gaap,quarterly,2024-11-01,2024-09-30,,2024.0,3.0,2.51,2.48,,,0.012096774193548309,street_vs_gaap
CVX,eps_street_vs_gaap,quarterly,2024-08-02,2024-06-30,,2024.0,2.0,2.55,2.43,,,0.049382716049382575,street_vs_gaap
CVX,eps_street_vs_gaap,quarterly,2024-04-26,2024-03-31,,2024.0,1.0,2.93,2.97,,,-0.01346801346801348,street_vs_gaap
CVX,eps_street_vs_gaap,quarterly,2024-02-02,,,,,3.45,,,,,no_gaap_quarter
CVX,eps_street_vs_gaap,quarterly,2023-10-27,2023-09-30,,2023.0,3.0,3.05,3.48,,,-0.12356321839080464,street_vs_gaap
CVX,eps_street_vs_gaap,quarterly,2023-07-23,2023-06-30,,2023.0,2.0,3.08,3.2,,,-0.03750000000000003,street_vs_gaap
CVX,eps_street_vs_gaap,quarterly,2023-04-28,2023-03-31,,2023.0,1.0,3.55,3.46,,,0.026011560693641578,street_vs_gaap
CVX,eps_street_vs_gaap,quarterly,2023-01-27,,,,,4.09,,,,,no_gaap_quarter
CVX,eps_street_vs_gaap,quarterly,2022-10-28,2022-09-30,,2022.0,3.0,5.56,5.78,,,-0.03806228373702433,street_vs_gaap
CVX,eps_street_vs_gaap,quarterly,2022-07-29,2022-06-30,,2022.0,2.0,5.82,5.95,,,-0.0218487394957983,street_vs_gaap
CVX,eps_street_vs_gaap,quarterly,2022-04-29,2022-03-31,,2022.0,1.0,3.36,3.22,,,0.04347826086956511,street_vs_gaap
CVX,eps_street_vs_gaap,quarterly,2022-01-28,,,,,2.56,,,,,no_gaap_quarter
CVX,eps_street_vs_gaap,quarterly,2021-10-29,2021-09-30,,2021.0,3.0,2.96,3.19,,,-0.07210031347962383,street_vs_gaap
CVX,eps_street_vs_gaap,quarterly,2021-07-30,2021-06-30,,2021.0,2.0,1.71,1.6,,,0.06874999999999992,street_vs_gaap
CVX,eps_street_vs_gaap,quarterly,2021-04-30,2021-03-31,,2021.0,1.0,0.9,0.72,,,0.25000000000000006,street_vs_gaap
CVX,eps_street_vs_gaap,quarterly,2021-01-29,,,,,-0.01,,,,,no_gaap_quarter
CVX,eps_street_vs_gaap,quarterly,2020-10-30,2020-09-30,,2020.0,3.0,0.11,-0.12,,,1.9166666666666665,street_vs_gaap
CVX,eps_street_vs_gaap,quarterly,2020-07-31,2020-06-30,,2020.0,2.0,-1.59,-4.44,,,0.641891891891892,street_vs_gaap
CVX,eps_street_vs_gaap,quarterly,2020-05-01,2020-03-31,,2020.0,1.0,1.29,1.93,,,-0.33160621761658027,street_vs_gaap
CVX,eps_street_vs_gaap,quarterly,2020-01-31,,,,,1.49,,,,,no_gaap_quarter
CVX,eps_street_vs_gaap,quarterly,2019-11-01,2019-09-30,,2019.0,3.0,1.55,1.36,,,0.13970588235294112,street_vs_gaap
CVX,eps_street_vs_gaap,quarterly,2019-08-02,2019-06-30,,2019.0,2.0,1.77,2.27,,,-0.22026431718061673,street_vs_gaap
CVX,eps_street_vs_gaap,quarterly,2019-04-26,2019-03-31,,2019.0,1.0,1.47,1.39,,,0.05755395683453243,street_vs_gaap
CVX,eps_street_vs_gaap,quarterly,2019-02-01,,,,,1.95,,,,,no_gaap_quarter
CVX,eps_street_vs_gaap,quarterly,2018-11-02,2018-09-30,,2018.0,3.0,2.44,2.11,,,0.15639810426540288,street_vs_gaap
CVX,eps_street_vs_gaap,quarterly,2018-07-27,2018-06-30,,2018.0,2.0,1.78,1.78,,,0.0,match
CVX,eps_street_vs_gaap,quarterly,2018-04-27,2018-03-31,,2018.0,1.0,1.9,1.9,,,0.0,match
CVX,eps_street_vs_gaap,quarterly,2018-02-02,,,,,0.72,,,,,no_gaap_quarter
COP,eps_street_vs_gaap,quarterly,2026-08-06,2026-06-30,,2026.0,2.0,3.24,3.23,,,0.0030959752321982137,match
COP,eps_street_vs_gaap,quarterly,2026-04-30,2026-03-31,,2026.0,1.0,1.89,1.78,,,0.06179775280898869,street_vs_gaap
COP,eps_street_vs_gaap,quarterly,2026-02-05,,,,,1.02,,,,,no_gaap_quarter
COP,eps_street_vs_gaap,quarterly,2025-11-06,2025-09-30,,2025.0,3.0,1.61,1.38,,,0.16666666666666682,street_vs_gaap
COP,eps_street_vs_gaap,quarterly,2025-08-07,2025-06-30,,2025.0,2.0,1.42,1.56,,,-0.08974358974358981,street_vs_gaap
COP,eps_street_vs_gaap,quarterly,2025-05-08,2025-03-31,,2025.0,1.0,2.09,2.23,,,-0.06278026905829602,street_vs_gaap
COP,eps_street_vs_gaap,quarterly,2025-02-06,,,,,1.98,,,,,no_gaap_quarter
COP,eps_street_vs_gaap,quarterly,2024-10-31,2024-09-30,,2024.0,3.0,1.78,1.76,,,0.011363636363636374,street_vs_gaap
COP,eps_street_vs_gaap,quarterly,2024-08-01,2024-06-30,,2024.0,2.0,1.98,1.98,,,0.0,match
COP,eps_street_vs_gaap,quarterly,2024-05-02,2024-03-31,,2024.0,1.0,2.03,2.15,,,-0.05581395348837215,street_vs_gaap
COP,eps_street_vs_gaap,quarterly,2024-02-08,,,,,2.4,,,,,no_gaap_quarter
COP,eps_street_vs_gaap,quarterly,2023-11-02,2023-09-30,,2023.0,3.0,2.16,2.32,,,-0.06896551724137918,street_vs_gaap
COP,eps_street_vs_gaap,quarterly,2023-08-03,2023-06-30,,2023.0,2.0,1.84,1.84,,,0.0,match
COP,eps_street_vs_gaap,quarterly,2023-05-04,2023-03-31,,2023.0,1.0,2.38,2.38,,,0.0,match
COP,eps_street_vs_gaap,quarterly,2023-02-02,,,,,2.71,,,,,no_gaap_quarter
COP,eps_street_vs_gaap,quarterly,2022-11-03,2022-09-30,,2022.0,3.0,3.6,3.55,,,0.014084507042253596,street_vs_gaap
COP,eps_street_vs_gaap,quarterly,2022-08-04,2022-06-30,,2022.0,2.0,3.91,3.96,,,-0.012626262626262581,street_vs_gaap
COP,eps_street_vs_gaap,quarterly,2022-05-05,2022-03-31,,2022.0,1.0,3.27,4.39,,,-0.25512528473804097,street_vs_gaap
COP,eps_street_vs_gaap,quarterly,2022-02-03,,,,,2.27,,,,,no_gaap_quarter
COP,eps_street_vs_gaap,quarterly,2021-11-02,2021-09-30,,2021.0,3.0,1.77,1.78,,,-0.005617977528089893,match
COP,eps_street_vs_gaap,quarterly,2021-08-03,2021-06-30,,2021.0,2.0,1.27,1.55,,,-0.1806451612903226,street_vs_gaap
COP,eps_street_vs_gaap,quarterly,2021-05-04,2021-03-31,,2021.0,1.0,0.69,0.75,,,-0.08000000000000007,street_vs_gaap
COP,eps_street_vs_gaap,quarterly,2021-02-02,,,,,-0.19,,,,,no_gaap_quarter
COP,eps_street_vs_gaap,quarterly,2020-10-29,2020-09-30,,2020.0,3.0,-0.31,-0.42,,,0.26190476190476186,street_vs_gaap
COP,eps_street_vs_gaap,quarterly,2020-07-30,2020-06-30,,2020.0,2.0,-0.92,0.24,,,-4.833333333333334,street_vs_gaap
COP,eps_street_vs_gaap,quarterly,2020-04-30,2020-03-31,,2020.0,1.0,0.45,-1.6,,,1.28125,street_vs_gaap
COP,eps_street_vs_gaap,quarterly,2020-02-04,,,,,0.76,,,,,no_gaap_quarter
COP,eps_street_vs_gaap,quarterly,2019-10-29,2019-09-30,,2019.0,3.0,0.82,2.74,,,-0.7007299270072993,street_vs_gaap
COP,eps_street_vs_gaap,quarterly,2019-07-30,2019-06-30,,2019.0,2.0,1.01,1.4,,,-0.2785714285714285,street_vs_gaap
COP,eps_street_vs_gaap,quarterly,2019-04-30,2019-03-31,,2019.0,1.0,1.0,1.6,,,-0.37500000000000006,street_vs_gaap
COP,eps_street_vs_gaap,quarterly,2019-01-31,,,,,1.13,,,,,no_gaap_quarter
COP,eps_street_vs_gaap,quarterly,2018-10-25,2018-09-30,,2018.0,3.0,1.36,1.59,,,-0.14465408805031443,street_vs_gaap
COP,eps_street_vs_gaap,quarterly,2018-07-26,2018-06-30,,2018.0,2.0,1.09,1.39,,,-0.21582733812949628,street_vs_gaap
COP,eps_street_vs_gaap,quarterly,2018-04-26,2018-03-31,,2018.0,1.0,0.96,0.75,,,0.27999999999999997,street_vs_gaap
COP,eps_street_vs_gaap,quarterly,2018-02-01,,,,,0.45,,,,,no_gaap_quarter
CAT,eps_street_vs_gaap,quarterly,2026-08-04,2026-06-30,,2026.0,2.0,8.17,7.77,,,0.051480051480051525,street_vs_gaap
CAT,eps_street_vs_gaap,quarterly,2026-04-30,2026-03-31,,2026.0,1.0,5.54,5.47,,,0.012797074954296214,street_vs_gaap
CAT,eps_street_vs_gaap,quarterly,2026-01-29,,,,,5.16,,,,,no_gaap_quarter
CAT,eps_street_vs_gaap,quarterly,2025-10-29,2025-09-30,,2025.0,3.0,4.95,4.88,,,0.014344262295082027,street_vs_gaap
CAT,eps_street_vs_gaap,quarterly,2025-08-05,2025-06-30,,2025.0,2.0,4.72,4.62,,,0.021645021645021568,street_vs_gaap
CAT,eps_street_vs_gaap,quarterly,2025-04-30,2025-03-31,,2025.0,1.0,4.25,4.2,,,0.011904761904761862,street_vs_gaap
CAT,eps_street_vs_gaap,quarterly,2025-01-30,,,,,5.14,,,,,no_gaap_quarter
CAT,eps_street_vs_gaap,quarterly,2024-10-30,2024-09-30,,2024.0,3.0,5.17,5.06,,,0.021739130434782674,street_vs_gaap
CAT,eps_street_vs_gaap,quarterly,2024-08-06,2024-06-30,,2024.0,2.0,5.99,5.48,,,0.09306569343065689,street_vs_gaap
CAT,eps_street_vs_gaap,quarterly,2024-04-25,2024-03-31,,2024.0,1.0,5.6,5.75,,,-0.02608695652173919,street_vs_gaap
CAT,eps_street_vs_gaap,quarterly,2024-02-05,,,,,5.23,,,,,no_gaap_quarter
CAT,eps_street_vs_gaap,quarterly,2023-10-31,2023-09-30,,2023.0,3.0,5.52,5.45,,,0.012844036697247594,street_vs_gaap
CAT,eps_street_vs_gaap,quarterly,2023-08-01,2023-06-30,,2023.0,2.0,5.55,5.67,,,-0.021164021164021184,street_vs_gaap
CAT,eps_street_vs_gaap,quarterly,2023-04-27,2023-03-31,,2023.0,1.0,4.91,3.74,,,0.31283422459893045,street_vs_gaap
CAT,eps_street_vs_gaap,quarterly,2023-01-31,,,,,3.86,,,,,no_gaap_quarter
CAT,eps_street_vs_gaap,quarterly,2022-10-27,2022-09-30,,2022.0,3.0,3.95,3.87,,,0.020671834625323016,street_vs_gaap
CAT,eps_street_vs_gaap,quarterly,2022-08-02,2022-06-30,,2022.0,2.0,3.18,3.13,,,0.015974440894568776,street_vs_gaap
CAT,eps_street_vs_gaap,quarterly,2022-04-28,2022-03-31,,2022.0,1.0,2.88,2.86,,,0.006993006993007,street_vs_gaap
CAT,eps_street_vs_gaap,quarterly,2022-01-28,,,,,2.69,,,,,no_gaap_quarter
CAT,eps_street_vs_gaap,quarterly,2021-10-28,2021-09-30,,2021.0,3.0,2.66,2.6,,,0.023076923076923096,street_vs_gaap
CAT,eps_street_vs_gaap,quarterly,2021-07-30,2021-06-30,,2021.0,2.0,2.6,2.56,,,0.015625000000000014,street_vs_gaap
CAT,eps_street_vs_gaap,quarterly,2021-04-29,2021-03-31,,2021.0,1.0,2.87,2.77,,,0.03610108303249101,street_vs_gaap
CAT,eps_street_vs_gaap,quarterly,2021-01-29,2020-12-31,,2020.0,4.0,2.12,1.42,,,0.4929577464788734,street_vs_gaap
CAT,eps_street_vs_gaap,quarterly,2020-10-27,2020-09-30,,2020.0,3.0,1.34,1.22,,,0.09836065573770501,street_vs_gaap
CAT,eps_street_vs_gaap,quarterly,2020-07-31,2020-06-30,,2020.0,2.0,1.03,0.84,,,0.22619047619047628,street_vs_gaap
CAT,eps_street_vs_gaap,quarterly,2020-04-28,2020-03-31,,2020.0,1.0,1.6,1.98,,,-0.19191919191919188,street_vs_gaap
CAT,eps_street_vs_gaap,quarterly,2020-01-31,2019-12-31,,2019.0,4.0,2.63,1.97,,,0.33502538071065985,street_vs_gaap
CAT,eps_street_vs_gaap,quarterly,2019-10-23,2019-09-30,,2019.0,3.0,2.66,2.66,,,0.0,match
CAT,eps_street_vs_gaap,quarterly,2019-07-24,2019-06-30,,2019.0,2.0,2.83,2.83,,,0.0,match
CAT,eps_street_vs_gaap,quarterly,2019-04-24,2019-03-31,,2019.0,1.0,2.94,3.25,,,-0.0953846153846154,street_vs_gaap
CAT,eps_street_vs_gaap,quarterly,2019-01-28,2018-12-31,,2018.0,4.0,2.55,1.78,,,0.43258426966292124,street_vs_gaap
CAT,eps_street_vs_gaap,quarterly,2018-10-23,2018-09-30,,2018.0,3.0,2.86,2.88,,,-0.006944444444444451,street_vs_gaap
CAT,eps_street_vs_gaap,quarterly,2018-07-30,2018-06-30,,2018.0,2.0,2.97,2.82,,,0.05319148936170226,street_vs_gaap
CAT,eps_street_vs_gaap,quarterly,2018-04-24,2018-03-31,,2018.0,1.0,2.82,2.74,,,0.029197080291970663,street_vs_gaap
CAT,eps_street_vs_gaap,quarterly,2018-01-25,2017-12-31,,2017.0,4.0,2.16,-2.18,,,1.9908256880733943,street_vs_gaap
HON,eps_street_vs_gaap,quarterly,2026-07-23,2026-06-30,,2026.0,2.0,1.95,17.83,,,-0.8906337633202468,street_vs_gaap
HON,eps_street_vs_gaap,quarterly,2026-04-23,2026-03-31,,2026.0,1.0,4.9,1.29,,,2.798449612403101,street_vs_gaap
HON,eps_street_vs_gaap,quarterly,2026-01-29,2025-12-31,,2025.0,4.0,5.18,-0.18,,,29.777777777777775,street_vs_gaap
HON,eps_street_vs_gaap,quarterly,2025-10-23,2025-09-30,,2025.0,3.0,5.64,2.86,,,0.972027972027972,unrecorded_basis_change
HON,eps_street_vs_gaap,quarterly,2025-07-24,2025-06-30,,2025.0,2.0,5.5,4.9,,,0.12244897959183665,street_vs_gaap
HON,eps_street_vs_gaap,quarterly,2025-04-29,2025-03-31,,2025.0,1.0,5.02,2.22,,,1.2612612612612608,street_vs_gaap
HON,eps_street_vs_gaap,quarterly,2025-02-06,2024-12-31,,2024.0,4.0,4.94,1.96,,,1.5204081632653064,street_vs_gaap
HON,eps_street_vs_gaap,quarterly,2024-10-24,2024-09-30,,2024.0,3.0,5.16,2.16,,,1.3888888888888888,street_vs_gaap
HON,eps_street_vs_gaap,quarterly,2024-07-25,2024-06-30,,2024.0,2.0,4.98,2.36,,,1.110169491525424,street_vs_gaap
HON,eps_street_vs_gaap,quarterly,2024-04-25,2024-03-31,,2024.0,1.0,4.5,2.23,,,1.0179372197309418,unrecorded_basis_change
HON,eps_street_vs_gaap,quarterly,2024-02-01,,,,,5.2,,,,,no_gaap_quarter
HON,eps_street_vs_gaap,quarterly,2023-10-26,2023-09-30,,2023.0,3.0,4.54,2.27,,,1.0,unrecorded_basis_change
HON,eps_street_vs_gaap,quarterly,2023-07-27,2023-06-30,,2023.0,2.0,4.46,2.22,,,1.009009009009009,unrecorded_basis_change
HON,eps_street_vs_gaap,quarterly,2023-04-27,2023-03-31,,2023.0,1.0,4.14,2.07,,,1.0,unrecorded_basis_change
HON,eps_street_vs_gaap,quarterly,2023-02-02,,,,,5.04,,,,,no_gaap_quarter
HON,eps_street_vs_gaap,quarterly,2022-10-27,2022-09-30,,2022.0,3.0,4.5,2.28,,,0.9736842105263159,unrecorded_basis_change
HON,eps_street_vs_gaap,quarterly,2022-07-28,2022-06-30,,2022.0,2.0,4.2,1.84,,,1.282608695652174,street_vs_gaap
HON,eps_street_vs_gaap,quarterly,2022-04-29,2022-03-31,,2022.0,1.0,3.82,1.64,,,1.3292682926829267,street_vs_gaap
HON,eps_street_vs_gaap,quarterly,2022-02-03,,,,,4.18,,,,,no_gaap_quarter
HON,eps_street_vs_gaap,quarterly,2021-10-22,2021-09-30,,2021.0,3.0,4.04,1.8,,,1.2444444444444445,street_vs_gaap
HON,eps_street_vs_gaap,quarterly,2021-07-23,2021-06-30,,2021.0,2.0,4.04,2.04,,,0.9803921568627451,unrecorded_basis_change
HON,eps_street_vs_gaap,quarterly,2021-04-23,2021-03-31,,2021.0,1.0,3.84,2.03,,,0.8916256157635469,street_vs_gaap
HON,eps_street_vs_gaap,quarterly,2021-01-29,2020-12-31,,2020.0,4.0,4.14,1.91,,,1.1675392670157065,street_vs_gaap
HON,eps_street_vs_gaap,quarterly,2020-10-30,2020-09-30,,2020.0,3.0,3.12,1.07,,,1.9158878504672894,street_vs_gaap
HON,eps_street_vs_gaap,quarterly,2020-07-24,2020-06-30,,2020.0,2.0,2.52,1.53,,,0.6470588235294118,street_vs_gaap
HON,eps_street_vs_gaap,quarterly,2020-05-01,2020-03-31,,2020.0,1.0,4.42,2.21,,,1.0,unrecorded_basis_change
HON,eps_street_vs_gaap,quarterly,2020-01-31,2019-12-31,,2019.0,4.0,4.12,2.16,,,0.9074074074074073,street_vs_gaap
HON,eps_street_vs_gaap,quarterly,2019-10-17,2019-09-30,,2019.0,3.0,4.16,2.23,,,0.8654708520179373,street_vs_gaap
HON,eps_street_vs_gaap,quarterly,2019-07-18,2019-06-30,,2019.0,2.0,4.2,2.1,,,1.0,unrecorded_basis_change
HON,eps_street_vs_gaap,quarterly,2019-04-18,2019-03-31,,2019.0,1.0,3.84,1.92,,,1.0,unrecorded_basis_change
HON,eps_street_vs_gaap,quarterly,2019-02-01,2018-12-31,,2018.0,4.0,3.82,2.31,,,0.6536796536796535,street_vs_gaap
HON,eps_street_vs_gaap,quarterly,2018-10-19,2018-09-30,,2018.0,3.0,4.06,3.11,,,0.30546623794212213,street_vs_gaap
HON,eps_street_vs_gaap,quarterly,2018-07-20,2018-06-30,,2018.0,2.0,4.24,1.68,,,1.5238095238095242,street_vs_gaap
HON,eps_street_vs_gaap,quarterly,2018-04-20,2018-03-31,,2018.0,1.0,3.9,1.89,,,1.0634920634920635,street_vs_gaap
HON,eps_street_vs_gaap,quarterly,2018-01-26,2017-12-31,,2017.0,4.0,3.7,-3.32,,,2.1144578313253013,street_vs_gaap
DE,eps_street_vs_gaap,quarterly,2026-08-20,2026-08-02,,2026.0,3.0,5.1,5.1,,,0.0,match
DE,eps_street_vs_gaap,quarterly,2026-05-21,2026-05-03,,2026.0,2.0,6.55,6.55,,,0.0,match
DE,eps_street_vs_gaap,quarterly,2026-02-19,2026-02-01,,2026.0,1.0,2.42,2.42,,,0.0,match
DE,eps_street_vs_gaap,quarterly,2025-11-26,,,,,3.93,,,,,no_gaap_quarter
DE,eps_street_vs_gaap,quarterly,2025-08-14,2025-07-27,,2025.0,3.0,4.75,4.75,,,0.0,match
DE,eps_street_vs_gaap,quarterly,2025-05-15,2025-04-27,,2025.0,2.0,6.64,6.64,,,0.0,match
DE,eps_street_vs_gaap,quarterly,2025-02-13,2025-01-26,,2025.0,1.0,3.19,3.19,,,0.0,match
DE,eps_street_vs_gaap,quarterly,2024-11-21,,,,,4.55,,,,,no_gaap_quarter
DE,eps_street_vs_gaap,quarterly,2024-08-15,2024-07-28,,2024.0,3.0,6.29,6.29,,,0.0,match
DE,eps_street_vs_gaap,quarterly,2024-05-16,2024-04-28,,2024.0,2.0,8.53,8.53,,,0.0,match
DE,eps_street_vs_gaap,quarterly,2024-02-15,2024-01-28,,2024.0,1.0,6.23,6.23,,,0.0,match
DE,eps_street_vs_gaap,quarterly,2023-11-22,,,,,8.32,,,,,no_gaap_quarter
DE,eps_street_vs_gaap,quarterly,2023-08-18,2023-07-30,,2023.0,3.0,10.2,10.2,,,0.0,match
DE,eps_street_vs_gaap,quarterly,2023-05-19,2023-04-30,,2023.0,2.0,10.1,9.65,,,0.04663212435233153,street_vs_gaap
DE,eps_street_vs_gaap,quarterly,2023-02-17,2023-01-29,,2023.0,1.0,6.55,6.55,,,0.0,match
DE,eps_street_vs_gaap,quarterly,2022-11-23,,,,,7.75,,,,,no_gaap_quarter
DE,eps_street_vs_gaap,quarterly,2022-08-19,2022-07-31,,2022.0,3.0,6.16,6.16,,,0.0,match
DE,eps_street_vs_gaap,quarterly,2022-05-20,2022-05-01,,2022.0,2.0,6.81,6.81,,,0.0,match
DE,eps_street_vs_gaap,quarterly,2022-02-18,2022-01-30,,2022.0,1.0,2.92,2.92,,,0.0,match
DE,eps_street_vs_gaap,quarterly,2021-11-24,,,,,4.12,,,,,no_gaap_quarter
DE,eps_street_vs_gaap,quarterly,2021-08-20,2021-08-01,,2021.0,3.0,5.32,5.32,,,0.0,match
DE,eps_street_vs_gaap,quarterly,2021-05-21,2021-05-02,,2021.0,2.0,5.68,5.68,,,0.0,match
DE,eps_street_vs_gaap,quarterly,2021-02-19,2021-01-31,,2021.0,1.0,3.87,3.87,,,0.0,match
DE,eps_street_vs_gaap,quarterly,2020-11-25,2020-11-01,,2020.0,4.0,2.39,2.39,,,0.0,match
DE,eps_street_vs_gaap,quarterly,2020-08-21,2020-08-02,,2020.0,3.0,2.57,2.57,,,0.0,match
DE,eps_street_vs_gaap,quarterly,2020-05-22,2020-05-03,,2020.0,2.0,2.11,2.11,,,0.0,match
DE,eps_street_vs_gaap,quarterly,2020-02-21,2020-02-02,,2020.0,1.0,1.63,1.63,,,0.0,match
DE,eps_street_vs_gaap,quarterly,2019-11-27,2019-11-03,,2019.0,4.0,2.14,2.27,,,-0.057268722466960305,street_vs_gaap
DE,eps_street_vs_gaap,quarterly,2019-08-16,2019-07-28,,2019.0,3.0,2.71,2.81,,,-0.035587188612099675,street_vs_gaap
DE,eps_street_vs_gaap,quarterly,2019-05-17,2019-04-28,,2019.0,2.0,3.52,3.52,,,0.0,match
DE,eps_street_vs_gaap,quarterly,2019-02-15,2019-01-27,,2019.0,1.0,1.54,1.54,,,0.0,match
DE,eps_street_vs_gaap,quarterly,2018-11-21,2018-10-28,,2018.0,4.0,2.3,2.42,,,-0.049586776859504175,street_vs_gaap
DE,eps_street_vs_gaap,quarterly,2018-08-17,2018-07-29,,2018.0,3.0,2.78,2.78,,,0.0,match
DE,eps_street_vs_gaap,quarterly,2018-05-18,2018-04-29,,2018.0,2.0,3.67,3.67,,,0.0,match
DE,eps_street_vs_gaap,quarterly,2018-02-16,2018-01-28,,2018.0,1.0,1.31,-1.66,,,1.7891566265060241,street_vs_gaap
NEE,eps_street_vs_gaap,quarterly,2026-07-24,,,,,1.15,,,,,no_gaap_quarter
NEE,eps_street_vs_gaap,quarterly,2026-04-23,2026-03-31,,2026.0,1.0,1.09,1.04,,,0.04807692307692312,street_vs_gaap
NEE,eps_street_vs_gaap,quarterly,2026-01-27,,,,,0.54,,,,,no_gaap_quarter
NEE,eps_street_vs_gaap,quarterly,2025-10-28,2025-09-30,,2025.0,3.0,1.13,1.18,,,-0.04237288135593224,street_vs_gaap
NEE,eps_street_vs_gaap,quarterly,2025-07-23,2025-06-30,,2025.0,2.0,1.05,0.98,,,0.0714285714285715,street_vs_gaap
NEE,eps_street_vs_gaap,quarterly,2025-04-22,2025-03-31,,2025.0,1.0,0.99,0.4,,,1.4749999999999999,street_vs_gaap
NEE,eps_street_vs_gaap,quarterly,2025-01-24,,,,,0.53,,,,,no_gaap_quarter
NEE,eps_street_vs_gaap,quarterly,2024-10-23,2024-09-30,,2024.0,3.0,1.03,0.9,,,0.14444444444444446,street_vs_gaap
NEE,eps_street_vs_gaap,quarterly,2024-07-24,2024-06-30,,2024.0,2.0,0.96,0.79,,,0.21518987341772142,street_vs_gaap
NEE,eps_street_vs_gaap,quarterly,2024-04-23,2024-03-31,,2024.0,1.0,0.91,1.1,,,-0.17272727272727276,street_vs_gaap
NEE,eps_street_vs_gaap,quarterly,2024-01-25,,,,,0.52,,,,,no_gaap_quarter
NEE,eps_street_vs_gaap,quarterly,2023-10-24,2023-09-30,,2023.0,3.0,0.94,0.6,,,0.5666666666666667,street_vs_gaap
NEE,eps_street_vs_gaap,quarterly,2023-07-25,2023-06-30,,2023.0,2.0,0.88,1.38,,,-0.3623188405797101,street_vs_gaap
NEE,eps_street_vs_gaap,quarterly,2023-04-25,2023-03-31,,2023.0,1.0,0.84,1.04,,,-0.19230769230769237,street_vs_gaap
NEE,eps_street_vs_gaap,quarterly,2023-01-25,,,,,0.51,,,,,no_gaap_quarter
NEE,eps_street_vs_gaap,quarterly,2022-10-28,2022-09-30,,2022.0,3.0,0.85,0.86,,,-0.011627906976744196,match
NEE,eps_street_vs_gaap,quarterly,2022-07-22,2022-06-30,,2022.0,2.0,0.81,0.7,,,0.1571428571428573,street_vs_gaap
NEE,eps_street_vs_gaap,quarterly,2022-04-21,2022-03-31,,2022.0,1.0,0.74,-0.23,,,4.217391304347826,street_vs_gaap
NEE,eps_street_vs_gaap,quarterly,2022-01-25,,,,,0.41,,,,,no_gaap_quarter
NEE,eps_street_vs_gaap,quarterly,2021-10-20,2021-09-30,,2021.0,3.0,0.75,0.23,,,2.260869565217391,street_vs_gaap
NEE,eps_street_vs_gaap,quarterly,2021-07-23,2021-06-30,,2021.0,2.0,0.71,0.13,,,4.461538461538461,street_vs_gaap
NEE,eps_street_vs_gaap,quarterly,2021-04-21,2021-03-31,,2021.0,1.0,0.67,0.84,,,-0.2023809523809523,street_vs_gaap
NEE,eps_street_vs_gaap,quarterly,2021-01-26,2020-12-31,,2020.0,4.0,0.4,0.0,,,,street_vs_gaap
NEE,eps_street_vs_gaap,quarterly,2020-10-21,2020-09-30,,2020.0,3.0,0.67,0.62,,,0.08064516129032265,street_vs_gaap
NEE,eps_street_vs_gaap,quarterly,2020-07-24,2020-06-30,,2020.0,2.0,0.65,0.65,,,0.0,match
NEE,eps_street_vs_gaap,quarterly,2020-04-22,2020-03-31,,2020.0,1.0,0.6,0.21,,,1.8571428571428572,street_vs_gaap
NEE,eps_street_vs_gaap,quarterly,2020-01-24,2019-12-31,,2019.0,4.0,0.36,0.5,,,-0.28,street_vs_gaap
NEE,eps_street_vs_gaap,quarterly,2019-10-22,2019-09-30,,2019.0,3.0,0.6,0.45,,,0.33333333333333326,street_vs_gaap
NEE,eps_street_vs_gaap,quarterly,2019-07-24,2019-06-30,,2019.0,2.0,0.59,0.64,,,-0.07812500000000007,street_vs_gaap
NEE,eps_street_vs_gaap,quarterly,2019-04-23,2019-03-31,,2019.0,1.0,0.55,0.35,,,0.5714285714285716,street_vs_gaap
NEE,eps_street_vs_gaap,quarterly,2019-01-25,2018-12-31,,2018.0,4.0,0.37,0.88,,,-0.5795454545454546,street_vs_gaap
NEE,eps_street_vs_gaap,quarterly,2018-10-23,2018-09-30,,2018.0,3.0,0.55,2.1,,,-0.7380952380952381,street_vs_gaap
NEE,eps_street_vs_gaap,quarterly,2018-07-25,2018-06-30,,2018.0,2.0,0.53,1.61,,,-0.6708074534161491,unrecorded_basis_change
NEE,eps_street_vs_gaap,quarterly,2018-04-24,2018-03-31,,2018.0,1.0,0.49,9.32,,,-0.9474248927038627,street_vs_gaap
NEE,eps_street_vs_gaap,quarterly,2018-01-26,2017-12-31,,2017.0,4.0,0.31,4.55,,,-0.931868131868132,street_vs_gaap
DUK,eps_street_vs_gaap,quarterly,2026-08-04,,,,,1.43,,,,,no_gaap_quarter
DUK,eps_street_vs_gaap,quarterly,2026-05-05,2026-03-31,,2026.0,1.0,1.93,1.97,,,-0.0203045685279188,street_vs_gaap
DUK,eps_street_vs_gaap,quarterly,2026-02-10,,,,,1.5,,,,,no_gaap_quarter
DUK,eps_street_vs_gaap,quarterly,2025-11-07,2025-09-30,,2025.0,3.0,1.81,1.81,,,0.0,match
DUK,eps_street_vs_gaap,quarterly,2025-08-05,2025-06-30,,2025.0,2.0,1.25,1.25,,,0.0,match
DUK,eps_street_vs_gaap,quarterly,2025-05-06,2025-03-31,,2025.0,1.0,1.76,1.76,,,0.0,match
DUK,eps_street_vs_gaap,quarterly,2025-02-13,,,,,1.66,,,,,no_gaap_quarter
DUK,eps_street_vs_gaap,quarterly,2024-11-07,2024-09-30,,2024.0,3.0,1.62,1.6,,,0.012500000000000011,street_vs_gaap
DUK,eps_street_vs_gaap,quarterly,2024-08-06,2024-06-30,,2024.0,2.0,1.18,1.13,,,0.04424778761061951,street_vs_gaap
DUK,eps_street_vs_gaap,quarterly,2024-05-07,2024-03-31,,2024.0,1.0,1.44,1.44,,,0.0,match
DUK,eps_street_vs_gaap,quarterly,2024-02-08,2023-12-31,,2023.0,4.0,1.51,1.27,,,0.1889763779527559,street_vs_gaap
DUK,eps_street_vs_gaap,quarterly,2023-11-02,2023-09-30,,2023.0,3.0,1.94,1.59,,,0.2201257861635219,street_vs_gaap
DUK,eps_street_vs_gaap,quarterly,2023-08-08,2023-06-30,,2023.0,2.0,0.91,-0.32,,,3.84375,street_vs_gaap
DUK,eps_street_vs_gaap,quarterly,2023-05-09,2023-03-31,,2023.0,1.0,1.2,1.01,,,0.18811881188118806,street_vs_gaap
DUK,eps_street_vs_gaap,quarterly,2023-02-09,2022-12-31,,2022.0,4.0,1.11,-0.86,,,2.2906976744186047,street_vs_gaap
DUK,eps_street_vs_gaap,quarterly,2022-11-04,2022-09-30,,2022.0,3.0,1.78,1.81,,,-0.01657458563535913,street_vs_gaap
DUK,eps_street_vs_gaap,quarterly,2022-08-04,2022-06-30,,2022.0,2.0,1.14,1.14,,,0.0,match
DUK,eps_street_vs_gaap,quarterly,2022-05-09,2022-03-31,,2022.0,1.0,1.3,1.08,,,0.20370370370370366,street_vs_gaap
DUK,eps_street_vs_gaap,quarterly,2022-02-10,2021-12-31,,2021.0,4.0,0.94,0.93,,,0.0107526881720429,match
DUK,eps_street_vs_gaap,quarterly,2021-11-04,2021-09-30,,2021.0,3.0,1.88,1.79,,,0.05027932960893847,street_vs_gaap
DUK,eps_street_vs_gaap,quarterly,2021-08-05,2021-06-30,,2021.0,2.0,1.15,0.96,,,0.19791666666666663,street_vs_gaap
DUK,eps_street_vs_gaap,quarterly,2021-05-10,2021-03-31,,2021.0,1.0,1.26,1.25,,,0.008000000000000007,match
DUK,eps_street_vs_gaap,quarterly,2021-02-11,,,,,1.03,,,,,no_gaap_quarter
DUK,eps_street_vs_gaap,quarterly,2020-11-05,2020-09-30,,2020.0,3.0,1.87,1.74,,,0.07471264367816098,street_vs_gaap
DUK,eps_street_vs_gaap,quarterly,2020-08-10,2020-06-30,,2020.0,2.0,1.08,-1.13,,,1.9557522123893807,street_vs_gaap
DUK,eps_street_vs_gaap,quarterly,2020-05-12,2020-03-31,,2020.0,1.0,1.14,1.24,,,-0.08064516129032265,street_vs_gaap
DUK,eps_street_vs_gaap,quarterly,2020-02-13,,,,,0.91,,,,,no_gaap_quarter
DUK,eps_street_vs_gaap,quarterly,2019-11-08,2019-09-30,,2019.0,3.0,1.79,1.82,,,-0.016483516483516498,street_vs_gaap
DUK,eps_street_vs_gaap,quarterly,2019-08-06,,,,,1.12,,,,,no_gaap_quarter
DUK,eps_street_vs_gaap,quarterly,2019-05-09,,,,,1.24,,,,,no_gaap_quarter
DUK,eps_street_vs_gaap,quarterly,2019-02-14,2018-12-31,,2018.0,4.0,0.84,0.65,,,0.2923076923076922,street_vs_gaap
DUK,eps_street_vs_gaap,quarterly,2018-11-02,2018-09-30,,2018.0,3.0,1.65,1.51,,,0.0927152317880794,street_vs_gaap
DUK,eps_street_vs_gaap,quarterly,2018-08-02,2018-06-30,,2018.0,2.0,0.93,0.71,,,0.3098591549295776,street_vs_gaap
DUK,eps_street_vs_gaap,quarterly,2018-05-10,2018-03-31,,2018.0,1.0,1.28,0.88,,,0.4545454545454546,street_vs_gaap
DUK,eps_street_vs_gaap,quarterly,2018-02-20,2017-12-31,,2017.0,4.0,0.94,1.0,,,-0.06000000000000005,street_vs_gaap
SO,eps_street_vs_gaap,quarterly,2026-07-30,,,,,1.13,,,,,no_gaap_quarter
SO,eps_street_vs_gaap,quarterly,2026-04-30,2026-03-31,,2026.0,1.0,1.32,1.2,,,0.10000000000000009,street_vs_gaap
SO,eps_street_vs_gaap,quarterly,2026-02-19,,,,,0.55,,,,,no_gaap_quarter
SO,eps_street_vs_gaap,quarterly,2025-10-30,2025-09-30,,2025.0,3.0,1.6,1.54,,,0.038961038961038995,street_vs_gaap
SO,eps_street_vs_gaap,quarterly,2025-07-31,2025-06-30,,2025.0,2.0,0.92,0.79,,,0.16455696202531644,street_vs_gaap
SO,eps_street_vs_gaap,quarterly,2025-05-01,2025-03-31,,2025.0,1.0,1.23,1.21,,,0.016528925619834725,street_vs_gaap
SO,eps_street_vs_gaap,quarterly,2025-02-20,,,,,0.5,,,,,no_gaap_quarter
SO,eps_street_vs_gaap,quarterly,2024-10-31,2024-09-30,,2024.0,3.0,1.43,1.39,,,0.028776978417266216,street_vs_gaap
SO,eps_street_vs_gaap,quarterly,2024-08-01,2024-06-30,,2024.0,2.0,1.1,1.09,,,0.009174311926605512,match
SO,eps_street_vs_gaap,quarterly,2024-05-02,2024-03-31,,2024.0,1.0,1.03,1.03,,,0.0,match
SO,eps_street_vs_gaap,quarterly,2024-02-15,,,,,0.64,,,,,no_gaap_quarter
SO,eps_street_vs_gaap,quarterly,2023-11-02,2023-09-30,,2023.0,3.0,1.42,1.29,,,0.10077519379844953,street_vs_gaap
SO,eps_street_vs_gaap,quarterly,2023-08-03,2023-06-30,,2023.0,2.0,0.79,0.76,,,0.03947368421052635,street_vs_gaap
SO,eps_street_vs_gaap,quarterly,2023-04-27,2023-03-31,,2023.0,1.0,0.79,0.79,,,0.0,match
SO,eps_street_vs_gaap,quarterly,2023-02-16,,,,,0.26,,,,,no_gaap_quarter
SO,eps_street_vs_gaap,quarterly,2022-10-27,2022-09-30,,2022.0,3.0,1.31,1.35,,,-0.029629629629629655,street_vs_gaap
SO,eps_street_vs_gaap,quarterly,2022-07-28,2022-06-30,,2022.0,2.0,1.07,1.03,,,0.03883495145631071,street_vs_gaap
SO,eps_street_vs_gaap,quarterly,2022-04-28,2022-03-31,,2022.0,1.0,0.97,0.97,,,0.0,match
SO,eps_street_vs_gaap,quarterly,2022-02-17,,,,,0.36,,,,,no_gaap_quarter
SO,eps_street_vs_gaap,quarterly,2021-11-04,2021-09-30,,2021.0,3.0,1.23,1.03,,,0.19417475728155334,street_vs_gaap
SO,eps_street_vs_gaap,quarterly,2021-07-29,2021-06-30,,2021.0,2.0,0.84,0.35,,,1.4000000000000001,street_vs_gaap
SO,eps_street_vs_gaap,quarterly,2021-04-29,2021-03-31,,2021.0,1.0,0.98,1.06,,,-0.07547169811320761,street_vs_gaap
SO,eps_street_vs_gaap,quarterly,2021-02-18,,,,,0.47,,,,,no_gaap_quarter
SO,eps_street_vs_gaap,quarterly,2020-10-29,2020-09-30,,2020.0,3.0,1.22,1.18,,,0.0338983050847458,street_vs_gaap
SO,eps_street_vs_gaap,quarterly,2020-07-30,2020-06-30,,2020.0,2.0,0.78,0.58,,,0.3448275862068967,street_vs_gaap
SO,eps_street_vs_gaap,quarterly,2020-04-30,2020-03-31,,2020.0,1.0,0.78,0.81,,,-0.03703703703703707,street_vs_gaap
SO,eps_street_vs_gaap,quarterly,2020-02-20,2019-12-31,,2019.0,4.0,0.27,0.42,,,-0.3571428571428571,street_vs_gaap
SO,eps_street_vs_gaap,quarterly,2019-10-30,2019-09-30,,2019.0,3.0,1.34,1.25,,,0.07200000000000006,street_vs_gaap
SO,eps_street_vs_gaap,quarterly,2019-07-31,2019-06-30,,2019.0,2.0,0.8,0.85,,,-0.05882352941176463,street_vs_gaap
SO,eps_street_vs_gaap,quarterly,2019-05-01,2019-03-31,,2019.0,1.0,0.7,1.99,,,-0.6482412060301508,street_vs_gaap
SO,eps_street_vs_gaap,quarterly,2019-02-20,2018-12-31,,2018.0,4.0,0.25,0.27,,,-0.07407407407407414,street_vs_gaap
SO,eps_street_vs_gaap,quarterly,2018-11-07,2018-09-30,,2018.0,3.0,1.14,1.13,,,0.008849557522123902,match
SO,eps_street_vs_gaap,quarterly,2018-08-08,2018-06-30,,2018.0,2.0,0.8,-0.15,,,6.333333333333334,street_vs_gaap
SO,eps_street_vs_gaap,quarterly,2018-05-02,2018-03-31,,2018.0,1.0,0.88,0.92,,,-0.04347826086956525,street_vs_gaap
SO,eps_street_vs_gaap,quarterly,2018-02-21,2017-12-31,,2017.0,4.0,0.51,0.49,,,0.04081632653061228,street_vs_gaap
LIN,eps_street_vs_gaap,quarterly,2026-07-31,2026-06-30,,2026.0,2.0,4.5,4.15,,,0.08433734939759027,street_vs_gaap
LIN,eps_street_vs_gaap,quarterly,2026-05-01,2026-03-31,,2026.0,1.0,4.33,3.98,,,0.08793969849246233,street_vs_gaap
LIN,eps_street_vs_gaap,quarterly,2026-02-05,,,,,4.2,,,,,no_gaap_quarter
LIN,eps_street_vs_gaap,quarterly,2025-10-31,2025-09-30,,2025.0,3.0,4.21,4.09,,,0.029339853300733524,street_vs_gaap
LIN,eps_street_vs_gaap,quarterly,2025-08-01,2025-06-30,,2025.0,2.0,4.09,3.73,,,0.09651474530831096,street_vs_gaap
LIN,eps_street_vs_gaap,quarterly,2025-05-01,2025-03-31,,2025.0,1.0,3.95,3.51,,,0.12535612535612548,street_vs_gaap
LIN,eps_street_vs_gaap,quarterly,2025-02-06,,,,,3.97,,,,,no_gaap_quarter
LIN,eps_street_vs_gaap,quarterly,2024-10-31,2024-09-30,,2024.0,3.0,3.94,3.22,,,0.2236024844720496,street_vs_gaap
LIN,eps_street_vs_gaap,quarterly,2024-08-02,2024-06-30,,2024.0,2.0,3.85,3.44,,,0.11918604651162795,street_vs_gaap
LIN,eps_street_vs_gaap,quarterly,2024-05-02,2024-03-31,,2024.0,1.0,3.75,3.35,,,0.11940298507462684,street_vs_gaap
LIN,eps_street_vs_gaap,quarterly,2024-02-06,,,,,3.59,,,,,no_gaap_quarter
LIN,eps_street_vs_gaap,quarterly,2023-10-26,2023-09-30,,2023.0,3.0,3.63,3.19,,,0.13793103448275862,street_vs_gaap
LIN,eps_street_vs_gaap,quarterly,2023-07-27,2023-06-30,,2023.0,2.0,3.57,3.19,,,0.1191222570532915,street_vs_gaap
LIN,eps_street_vs_gaap,quarterly,2023-04-27,2023-03-31,,2023.0,1.0,3.42,3.06,,,0.11764705882352937,street_vs_gaap
LIN,eps_street_vs_gaap,quarterly,2023-02-07,,,,,3.16,,,,,no_gaap_quarter
LIN,eps_street_vs_gaap,quarterly,2022-10-27,2022-09-30,,2022.0,3.0,3.1,2.54,,,0.22047244094488191,street_vs_gaap
LIN,eps_street_vs_gaap,quarterly,2022-07-28,2022-06-30,,2022.0,2.0,3.1,0.74,,,3.1891891891891895,street_vs_gaap
LIN,eps_street_vs_gaap,quarterly,2022-04-28,2022-03-31,,2022.0,1.0,2.93,2.3,,,0.27391304347826106,street_vs_gaap
LIN,eps_street_vs_gaap,quarterly,2022-02-10,,,,,2.77,,,,,no_gaap_quarter
LIN,eps_street_vs_gaap,quarterly,2021-10-29,2021-09-30,,2021.0,3.0,2.73,1.88,,,0.45212765957446815,street_vs_gaap
LIN,eps_street_vs_gaap,quarterly,2021-07-30,2021-06-30,,2021.0,2.0,2.7,1.6,,,0.6875,street_vs_gaap
LIN,eps_street_vs_gaap,quarterly,2021-05-06,2021-03-31,,2021.0,1.0,2.49,1.86,,,0.33870967741935487,street_vs_gaap
LIN,eps_street_vs_gaap,quarterly,2021-02-05,,,,,2.3,,,,,no_gaap_quarter
LIN,eps_street_vs_gaap,quarterly,2020-11-05,2020-09-30,,2020.0,3.0,2.15,1.32,,,0.6287878787878787,street_vs_gaap
LIN,eps_street_vs_gaap,quarterly,2020-07-31,2020-06-30,,2020.0,2.0,1.9,0.87,,,1.1839080459770113,street_vs_gaap
LIN,eps_street_vs_gaap,quarterly,2020-05-07,2020-03-31,,2020.0,1.0,1.89,1.07,,,0.7663551401869156,street_vs_gaap
LIN,eps_street_vs_gaap,quarterly,2020-03-01,,,,,-0.48,,,,,no_gaap_quarter
LIN,eps_street_vs_gaap,quarterly,2020-02-13,,,,,1.89,,,,,no_gaap_quarter
LIN,eps_street_vs_gaap,quarterly,2019-11-12,2019-09-30,,2019.0,3.0,1.94,1.35,,,0.4370370370370369,street_vs_gaap
LIN,eps_street_vs_gaap,quarterly,2019-08-05,2019-06-30,,2019.0,2.0,1.83,0.96,,,0.9062500000000001,street_vs_gaap
LIN,eps_street_vs_gaap,quarterly,2019-05-10,2019-03-31,,2019.0,1.0,1.69,0.94,,,0.797872340425532,street_vs_gaap
LIN,eps_street_vs_gaap,quarterly,2018-11-09,2018-09-30,,2018.0,3.0,1.69,1.58,,,0.06962025316455688,street_vs_gaap
LIN,eps_street_vs_gaap,quarterly,2018-07-26,2018-06-30,,2018.0,2.0,1.72,1.65,,,0.04242424242424246,street_vs_gaap
LIN,eps_street_vs_gaap,quarterly,2018-04-26,2018-03-31,,2018.0,1.0,1.65,1.59,,,0.03773584905660367,street_vs_gaap
LIN,eps_street_vs_gaap,quarterly,2018-01-25,2017-12-31,,2017.0,4.0,1.52,0.11,,,12.818181818181817,street_vs_gaap
SHW,eps_street_vs_gaap,quarterly,2026-07-28,2026-06-30,,2026.0,2.0,3.7,3.43,,,0.07871720116618076,street_vs_gaap
SHW,eps_street_vs_gaap,quarterly,2026-04-28,2026-03-31,,2026.0,1.0,2.35,2.15,,,0.09302325581395357,street_vs_gaap
SHW,eps_street_vs_gaap,quarterly,2026-01-29,,,,,2.23,,,,,no_gaap_quarter
SHW,eps_street_vs_gaap,quarterly,2025-10-28,2025-09-30,,2025.0,3.0,3.59,3.35,,,0.07164179104477605,street_vs_gaap
SHW,eps_street_vs_gaap,quarterly,2025-07-22,2025-06-30,,2025.0,2.0,3.38,3.0,,,0.12666666666666662,street_vs_gaap
SHW,eps_street_vs_gaap,quarterly,2025-04-29,2025-03-31,,2025.0,1.0,2.25,2.0,,,0.125,street_vs_gaap
SHW,eps_street_vs_gaap,quarterly,2025-01-30,,,,,2.09,,,,,no_gaap_quarter
SHW,eps_street_vs_gaap,quarterly,2024-10-22,2024-09-30,,2024.0,3.0,3.37,3.18,,,0.059748427672955955,street_vs_gaap
SHW,eps_street_vs_gaap,quarterly,2024-07-23,2024-06-30,,2024.0,2.0,3.7,3.5,,,0.0571428571428572,street_vs_gaap
SHW,eps_street_vs_gaap,quarterly,2024-04-23,2024-03-31,,2024.0,1.0,2.17,1.97,,,0.1015228426395939,street_vs_gaap
SHW,eps_street_vs_gaap,quarterly,2024-01-25,,,,,1.81,,,,,no_gaap_quarter
SHW,eps_street_vs_gaap,quarterly,2023-10-24,2023-09-30,,2023.0,3.0,3.2,2.95,,,0.0847457627118644,street_vs_gaap
SHW,eps_street_vs_gaap,quarterly,2023-07-25,2023-06-30,,2023.0,2.0,3.29,3.07,,,0.07166123778501636,street_vs_gaap
SHW,eps_street_vs_gaap,quarterly,2023-04-25,2023-03-31,,2023.0,1.0,2.04,1.84,,,0.10869565217391301,street_vs_gaap
SHW,eps_street_vs_gaap,quarterly,2023-01-26,,,,,1.89,,,,,no_gaap_quarter
SHW,eps_street_vs_gaap,quarterly,2022-10-25,2022-09-30,,2022.0,3.0,2.83,2.62,,,0.08015267175572517,street_vs_gaap
SHW,eps_street_vs_gaap,quarterly,2022-07-27,2022-06-30,,2022.0,2.0,2.41,2.21,,,0.09049773755656117,street_vs_gaap
SHW,eps_street_vs_gaap,quarterly,2022-04-26,2022-03-31,,2022.0,1.0,1.61,1.41,,,0.1418439716312058,street_vs_gaap
SHW,eps_street_vs_gaap,quarterly,2022-01-27,2021-12-31,,2021.0,4.0,1.34,1.15,,,0.16521739130434798,street_vs_gaap
SHW,eps_street_vs_gaap,quarterly,2021-10-26,2021-09-30,,2021.0,3.0,2.09,1.88,,,0.11170212765957445,street_vs_gaap
SHW,eps_street_vs_gaap,quarterly,2021-07-27,2021-06-30,,2021.0,2.0,2.65,2.42,,,0.09504132231404958,street_vs_gaap
SHW,eps_street_vs_gaap,quarterly,2021-04-27,2021-03-31,,2021.0,1.0,2.06,1.51,,,0.3642384105960265,street_vs_gaap
SHW,eps_street_vs_gaap,quarterly,2021-01-28,2020-12-31,,2020.0,4.0,1.7,1.49,,,0.14093959731543623,street_vs_gaap
SHW,eps_street_vs_gaap,quarterly,2020-10-27,2020-09-30,,2020.0,3.0,2.76,2.55,,,0.08235294117647057,street_vs_gaap
SHW,eps_street_vs_gaap,quarterly,2020-07-28,2020-06-30,,2020.0,2.0,2.37,2.16,,,0.0972222222222222,street_vs_gaap
SHW,eps_street_vs_gaap,quarterly,2020-04-29,2020-03-31,,2020.0,1.0,1.36,1.15,,,0.18260869565217408,street_vs_gaap
SHW,eps_street_vs_gaap,quarterly,2020-01-30,2019-12-31,,2019.0,4.0,1.42,2.66,,,-0.4661654135338346,street_vs_gaap
SHW,eps_street_vs_gaap,quarterly,2019-10-22,2019-09-30,,2019.0,3.0,2.22,6.16,,,-0.6396103896103896,street_vs_gaap
SHW,eps_street_vs_gaap,quarterly,2019-07-23,2019-06-30,,2019.0,2.0,2.19,5.03,,,-0.5646123260437376,street_vs_gaap
SHW,eps_street_vs_gaap,quarterly,2019-04-23,2019-03-31,,2019.0,1.0,1.2,2.62,,,-0.5419847328244275,street_vs_gaap
SHW,eps_street_vs_gaap,quarterly,2019-01-31,2018-12-31,,2018.0,4.0,1.18,1.07,,,0.10280373831775688,street_vs_gaap
SHW,eps_street_vs_gaap,quarterly,2018-10-25,2018-09-30,,2018.0,3.0,1.89,3.72,,,-0.4919354838709678,unrecorded_basis_change
SHW,eps_street_vs_gaap,quarterly,2018-07-24,2018-06-30,,2018.0,2.0,1.91,4.25,,,-0.5505882352941176,street_vs_gaap
SHW,eps_street_vs_gaap,quarterly,2018-04-24,2018-03-31,,2018.0,1.0,1.19,2.62,,,-0.5458015267175573,street_vs_gaap
SHW,eps_street_vs_gaap,quarterly,2018-01-25,2017-12-31,,2017.0,4.0,1.05,8.92,,,-0.8822869955156951,street_vs_gaap
APD,eps_street_vs_gaap,quarterly,2026-07-30,2026-06-30,,2026.0,3.0,3.47,-6.47,,,1.536321483771252,street_vs_gaap
APD,eps_street_vs_gaap,quarterly,2026-04-30,2026-03-31,,2026.0,2.0,3.2,3.19,,,0.0031347962382445864,match
APD,eps_street_vs_gaap,quarterly,2026-01-30,2025-12-31,,2026.0,1.0,3.16,3.04,,,0.03947368421052635,street_vs_gaap
APD,eps_street_vs_gaap,quarterly,2025-11-06,,,,,3.39,,,,,no_gaap_quarter
APD,eps_street_vs_gaap,quarterly,2025-07-31,2025-06-30,,2025.0,3.0,3.09,3.2,,,-0.0343750000000001,street_vs_gaap
APD,eps_street_vs_gaap,quarterly,2025-05-01,2025-03-31,,2025.0,2.0,2.69,-7.77,,,1.3462033462033463,street_vs_gaap
APD,eps_street_vs_gaap,quarterly,2025-02-06,2024-12-31,,2025.0,1.0,2.86,2.77,,,0.032490974729241826,street_vs_gaap
APD,eps_street_vs_gaap,quarterly,2024-11-07,,,,,3.56,,,,,no_gaap_quarter
APD,eps_street_vs_gaap,quarterly,2024-08-01,2024-06-30,,2024.0,3.0,3.2,3.13,,,0.02236421725239626,street_vs_gaap
APD,eps_street_vs_gaap,quarterly,2024-04-30,2024-03-31,,2024.0,2.0,2.85,2.57,,,0.10894941634241255,street_vs_gaap
APD,eps_street_vs_gaap,quarterly,2024-02-05,2023-12-31,,2024.0,1.0,2.82,2.73,,,0.03296703296703291,street_vs_gaap
APD,eps_street_vs_gaap,quarterly,2023-11-07,,,,,3.15,,,,,no_gaap_quarter
APD,eps_street_vs_gaap,quarterly,2023-08-03,2023-06-30,,2023.0,3.0,2.98,2.67,,,0.1161048689138577,street_vs_gaap
APD,eps_street_vs_gaap,quarterly,2023-05-09,2023-03-31,,2023.0,2.0,2.74,1.97,,,0.39086294416243667,street_vs_gaap
APD,eps_street_vs_gaap,quarterly,2023-02-02,2022-12-31,,2023.0,1.0,2.64,2.57,,,0.027237354085603224,street_vs_gaap
APD,eps_street_vs_gaap,quarterly,2022-11-03,,,,,2.89,,,,,no_gaap_quarter
APD,eps_street_vs_gaap,quarterly,2022-08-04,2022-06-30,,2022.0,3.0,2.62,2.62,,,0.0,match
APD,eps_street_vs_gaap,quarterly,2022-05-05,2022-03-31,,2022.0,2.0,2.38,2.38,,,0.0,match
APD,eps_street_vs_gaap,quarterly,2022-02-04,2021-12-31,,2022.0,1.0,2.52,2.52,,,0.0,match
APD,eps_street_vs_gaap,quarterly,2021-11-04,,,,,2.51,,,,,no_gaap_quarter
APD,eps_street_vs_gaap,quarterly,2021-08-09,2021-06-30,,2021.0,3.0,2.31,2.4,,,-0.03749999999999994,street_vs_gaap
APD,eps_street_vs_gaap,quarterly,2021-05-10,2021-03-31,,2021.0,2.0,2.08,2.13,,,-0.023474178403755788,street_vs_gaap
APD,eps_street_vs_gaap,quarterly,2021-02-04,2020-12-31,,2021.0,1.0,2.12,2.17,,,-0.023041474654377798,street_vs_gaap
APD,eps_street_vs_gaap,quarterly,2020-11-11,2020-09-30,,2020.0,4.0,2.19,2.19,,,0.0,match
APD,eps_street_vs_gaap,quarterly,2020-07-23,2020-06-30,,2020.0,3.0,2.01,2.01,,,0.0,match
APD,eps_street_vs_gaap,quarterly,2020-04-23,2020-03-31,,2020.0,2.0,2.04,2.15,,,-0.05116279069767436,street_vs_gaap
APD,eps_street_vs_gaap,quarterly,2020-01-24,2019-12-31,,2020.0,1.0,2.14,2.14,,,0.0,match
APD,eps_street_vs_gaap,quarterly,2019-11-07,2019-09-30,,2019.0,4.0,2.27,2.27,,,0.0,match
APD,eps_street_vs_gaap,quarterly,2019-07-25,2019-06-30,,2019.0,3.0,2.17,2.2,,,-0.013636363636363748,street_vs_gaap
APD,eps_street_vs_gaap,quarterly,2019-04-24,2019-03-31,,2019.0,2.0,1.92,1.9,,,0.010526315789473694,street_vs_gaap
APD,eps_street_vs_gaap,quarterly,2019-01-25,2018-12-31,,2019.0,1.0,1.86,1.57,,,0.18471337579617836,street_vs_gaap
APD,eps_street_vs_gaap,quarterly,2018-11-06,2018-09-30,,2018.0,4.0,2.0,2.05,,,-0.02439024390243894,street_vs_gaap
APD,eps_street_vs_gaap,quarterly,2018-07-26,2018-06-30,,2018.0,3.0,1.95,2.15,,,-0.09302325581395347,street_vs_gaap
APD,eps_street_vs_gaap,quarterly,2018-04-26,2018-03-31,,2018.0,2.0,1.71,1.89,,,-0.0952380952380952,street_vs_gaap
APD,eps_street_vs_gaap,quarterly,2018-01-26,2017-12-31,,2018.0,1.0,1.73,0.7,,,1.4714285714285715,street_vs_gaap
